-- MySQL dump 10.13  Distrib 5.7.25, for Linux (x86_64)
--
-- Host: localhost    Database: duolingros
-- ------------------------------------------------------
-- Server version	5.7.25-0ubuntu0.16.04.2

/*!40101 SET @OLD_CHARACTER_SET_CLIENT=@@CHARACTER_SET_CLIENT */;
/*!40101 SET @OLD_CHARACTER_SET_RESULTS=@@CHARACTER_SET_RESULTS */;
/*!40101 SET @OLD_COLLATION_CONNECTION=@@COLLATION_CONNECTION */;
/*!40101 SET NAMES utf8 */;
/*!40103 SET @OLD_TIME_ZONE=@@TIME_ZONE */;
/*!40103 SET TIME_ZONE='+00:00' */;
/*!40014 SET @OLD_UNIQUE_CHECKS=@@UNIQUE_CHECKS, UNIQUE_CHECKS=0 */;
/*!40014 SET @OLD_FOREIGN_KEY_CHECKS=@@FOREIGN_KEY_CHECKS, FOREIGN_KEY_CHECKS=0 */;
/*!40101 SET @OLD_SQL_MODE=@@SQL_MODE, SQL_MODE='NO_AUTO_VALUE_ON_ZERO' */;
/*!40111 SET @OLD_SQL_NOTES=@@SQL_NOTES, SQL_NOTES=0 */;

--
-- Table structure for table `book_lesson`
--

DROP TABLE IF EXISTS `book_lesson`;
/*!40101 SET @saved_cs_client     = @@character_set_client */;
/*!40101 SET character_set_client = utf8 */;
CREATE TABLE `book_lesson` (
  `id` int(11) NOT NULL AUTO_INCREMENT,
  `course_id` int(11) DEFAULT NULL,
  `title` varchar(100) COLLATE utf8_unicode_ci NOT NULL,
  `subtitle` varchar(200) COLLATE utf8_unicode_ci NOT NULL,
  PRIMARY KEY (`id`),
  KEY `IDX_D1A37F7E591CC992` (`course_id`),
  CONSTRAINT `FK_D1A37F7E591CC992` FOREIGN KEY (`course_id`) REFERENCES `course` (`id`)
) ENGINE=InnoDB AUTO_INCREMENT=25 DEFAULT CHARSET=utf8 COLLATE=utf8_unicode_ci;
/*!40101 SET character_set_client = @saved_cs_client */;

--
-- Dumping data for table `book_lesson`
--

LOCK TABLES `book_lesson` WRITE;
/*!40000 ALTER TABLE `book_lesson` DISABLE KEYS */;
INSERT INTO `book_lesson` VALUES (1,1,'Leçon 1','L\'eau est sale papi'),(2,1,'Leçon 2','Travailleur heiiin ?'),(3,1,'Leçon 3','C ki la meuf là'),(4,1,'Leçon 4','Moi j\'aime bien le café'),(5,1,'Leçon 5','Le médicament sera sucré. C\'est ouf'),(6,1,'Leçon 6','Malade be le zazakely'),(7,1,'Leçon 7','Le zébu est anorexique'),(8,1,'Leçon 8','Johnny est plus fort que Michel'),(9,1,'Leçon 9','Pas de leçon 9, elle pue du cul'),(10,1,'Leçon 10','Il fait beau, javou'),(11,1,'Leçon 11','Tiens, mets ma capote'),(12,1,'Leçon 12','Viens te réchauffer chez moi madame'),(13,1,'Leçon 13','les jouuuurs de la semaiiiine'),(14,1,'Leçon 14','Teuf chez moi jeudi soir'),(15,1,'Leçon 15','Au marssé'),(16,1,'Leçon 16','Lafo be les patates'),(17,1,'Leçon 17','Lafo be les radis aussi làààà'),(18,2,'Slt c cora','Lafo be les radis aussi làààà'),(19,2,'Miriam la pétasse','Cora'),(20,2,'Peigne maggle !','Cora'),(21,2,'Ruban DTC','Cora'),(22,2,'Tatie Wilma','Cora'),(23,2,'C le bad','Cora'),(24,2,'Lé cheveu c com lé fleur','Cora');
/*!40000 ALTER TABLE `book_lesson` ENABLE KEYS */;
UNLOCK TABLES;

--
-- Table structure for table `complaint`
--

DROP TABLE IF EXISTS `complaint`;
/*!40101 SET @saved_cs_client     = @@character_set_client */;
/*!40101 SET character_set_client = utf8 */;
CREATE TABLE `complaint` (
  `id` int(11) NOT NULL AUTO_INCREMENT,
  `exercise_id` int(11) DEFAULT NULL,
  `proposition_text` varchar(400) COLLATE utf8_unicode_ci NOT NULL,
  `status` varchar(15) COLLATE utf8_unicode_ci NOT NULL,
  PRIMARY KEY (`id`),
  KEY `IDX_5F2732B5E934951A` (`exercise_id`),
  CONSTRAINT `FK_5F2732B5E934951A` FOREIGN KEY (`exercise_id`) REFERENCES `exercise` (`id`)
) ENGINE=InnoDB AUTO_INCREMENT=32 DEFAULT CHARSET=utf8 COLLATE=utf8_unicode_ci;
/*!40101 SET character_set_client = @saved_cs_client */;

--
-- Dumping data for table `complaint`
--

LOCK TABLES `complaint` WRITE;
/*!40000 ALTER TABLE `complaint` DISABLE KEYS */;
INSERT INTO `complaint` VALUES (31,32,'arrête','in progress');
/*!40000 ALTER TABLE `complaint` ENABLE KEYS */;
UNLOCK TABLES;

--
-- Table structure for table `course`
--

DROP TABLE IF EXISTS `course`;
/*!40101 SET @saved_cs_client     = @@character_set_client */;
/*!40101 SET character_set_client = utf8 */;
CREATE TABLE `course` (
  `id` int(11) NOT NULL AUTO_INCREMENT,
  `title` varchar(100) COLLATE utf8_unicode_ci NOT NULL,
  `subtitle` varchar(200) COLLATE utf8_unicode_ci NOT NULL,
  PRIMARY KEY (`id`)
) ENGINE=InnoDB AUTO_INCREMENT=3 DEFAULT CHARSET=utf8 COLLATE=utf8_unicode_ci;
/*!40101 SET character_set_client = @saved_cs_client */;

--
-- Dumping data for table `course`
--

LOCK TABLES `course` WRITE;
/*!40000 ALTER TABLE `course` DISABLE KEYS */;
INSERT INTO `course` VALUES (1,'Apprendre le malgache','avec Prosper'),(2,'Cora','et ses cheveux');
/*!40000 ALTER TABLE `course` ENABLE KEYS */;
UNLOCK TABLES;

--
-- Table structure for table `exercise`
--

DROP TABLE IF EXISTS `exercise`;
/*!40101 SET @saved_cs_client     = @@character_set_client */;
/*!40101 SET character_set_client = utf8 */;
CREATE TABLE `exercise` (
  `id` int(11) NOT NULL AUTO_INCREMENT,
  `lesson_id` int(11) DEFAULT NULL,
  `text` varchar(225) COLLATE utf8_unicode_ci NOT NULL,
  `answer_list` longtext COLLATE utf8_unicode_ci NOT NULL COMMENT '(DC2Type:array)',
  PRIMARY KEY (`id`),
  KEY `IDX_AEDAD51CCDF80196` (`lesson_id`),
  CONSTRAINT `FK_AEDAD51CCDF80196` FOREIGN KEY (`lesson_id`) REFERENCES `lesson` (`id`)
) ENGINE=InnoDB AUTO_INCREMENT=570 DEFAULT CHARSET=utf8 COLLATE=utf8_unicode_ci;
/*!40101 SET character_set_client = @saved_cs_client */;

--
-- Dumping data for table `exercise`
--

LOCK TABLES `exercise` WRITE;
/*!40000 ALTER TABLE `exercise` DISABLE KEYS */;
INSERT INTO `exercise` VALUES (1,30,'afak\'omaly','a:1:{i:0;s:10:\"avant-hier\";}'),(2,2,'Ahoana','a:1:{i:0;s:7:\"Comment\";}'),(3,23,'aiza','a:1:{i:0;s:3:\"où\";}'),(4,45,'aiza izay kadoa ?','a:1:{i:1;s:31:\"(il est|)où (|est) le cadeau ?\";}'),(5,39,'aiza ny tsena ?','a:1:{i:0;s:29:\"(c\'est |)où est le marché ?\";}'),(6,20,'akanjo','a:1:{i:0;s:23:\"(un|des|) vêtement(s|)\";}'),(7,18,'akoho','a:2:{i:0;s:12:\"(un|) poulet\";i:1;s:12:\"(une|) poule\";}'),(8,29,'alahady','a:1:{i:0;s:8:\"dimanche\";}'),(9,31,'alakamisy','a:1:{i:0;s:5:\"jeudi\";}'),(10,29,'alarobia','a:1:{i:0;s:8:\"mercredi\";}'),(11,31,'alatsinainy','a:1:{i:0;s:5:\"lundi\";}'),(12,31,'alatsinainy, talata, alarobia, alakamisy, zoma, asabotsy, alahady','a:1:{i:0;s:57:\"lundi, mardi, mercredi, jeudi, vendredi, samedi, dimanche\";}'),(13,44,'amereno','a:1:{i:0;s:32:\"(rends|rendez|rendre) la monnaie\";}'),(14,45,'amereno fa tsy manana madinika aho','a:1:{i:0;s:100:\"(rends|rendez|donne(z|))-moi (la monaie|le reste) (car|parce que) je n\'ai pas (l\'appoint|de monnaie)\";}'),(15,38,'amidy','a:1:{i:0;s:9:\"à vendre\";}'),(16,20,'amin\'izay','a:1:{i:0;s:19:\"à ce moment (là|)\";}'),(17,12,'amin\'ny','a:3:{i:0;s:2:\"à\";i:1;s:4:\"vers\";i:2;s:4:\"pour\";}'),(18,30,'amin\'ny talata','a:1:{i:0;s:14:\"mardi prochain\";}'),(19,38,'anana','a:4:{i:0;s:13:\"(|un) légume\";i:1;s:12:\"des légumes\";i:2;s:13:\"(une|) brède\";i:3;s:11:\"des brèdes\";}'),(20,10,'Androany','a:1:{i:0;s:11:\"Aujourd\'hui\";}'),(21,4,'Angamba','a:1:{i:0;s:10:\"Peut-être\";}'),(22,10,'Anio','a:1:{i:0;s:11:\"Aujourd\'hui\";}'),(23,44,'antoka','a:1:{i:0;s:18:\"(une|la|) garantie\";}'),(24,18,'antsy','a:1:{i:0;s:13:\"(un|) couteau\";}'),(25,23,'any','a:2:{i:0;s:2:\"à\";i:1;s:4:\"vers\";}'),(26,35,'any amiko','a:1:{i:0;s:8:\"chez moi\";}'),(27,35,'any aminao','a:1:{i:0;s:8:\"chez toi\";}'),(28,35,'any aminareo','a:1:{i:0;s:8:\"chez eux\";}'),(29,35,'any aminay','a:1:{i:0;s:9:\"chez nous\";}'),(30,35,'any amintsika','a:1:{i:0;s:9:\"chez nous\";}'),(31,35,'any aminy','a:1:{i:0;s:15:\"chez (lui|elle)\";}'),(32,26,'aoka','a:1:{i:0;s:18:\"(laisse|cesse)(z|)\";}'),(33,27,'aoka aho hody fa misaotra tompoko','a:2:{i:0;s:44:\"laissez-moi rentrer chez moi, merci monsieur\";i:1;s:44:\"merci monsieur, laissez-moi rentrer chez moi\";}'),(34,43,'approchez madame, si vous voulez acheter des fleurs','a:1:{i:0;s:43:\"avia tompoko raha hividy voninkazo(| ianao)\";}'),(35,45,'ariary roa ny fehezany telo tompoko','a:2:{i:0;s:57:\"deux ariary (pour|) (|les) trois bottes (monsieur|madame)\";i:1;s:47:\"trois bottes pour deux ariary (madame|monsieur)\";}'),(36,42,'ariary telo tompoko','a:1:{i:0;s:30:\"trois ariary (monsieur|madame)\";}'),(37,41,'àry','a:1:{i:0;s:4:\"donc\";}'),(38,27,'ary mandrosoa ato an-trano sao mangatsiaka','a:1:{i:0;s:77:\"(et |)(r|)entre(z|) (donc |)dans la maison pour ne pas (avoir|attraper) froid\";}'),(39,4,'Asa','a:2:{i:0;s:19:\"Je ne peux pas dire\";i:1;s:16:\"Je peux pas dire\";}'),(40,5,'Asa, mangidy angamba izy io','a:1:{i:0;s:65:\"(Je ne sais pas|Je ne peux pas dire), (il |c\')est peut-être amer\";}'),(41,5,'Asa, marary angamba izy','a:2:{i:0;s:40:\"Je ne sais pas, il est peut-être malade\";i:1;s:45:\"Je ne peux pas dire, il est peut-être malade\";}'),(42,5,'Asa, mpiasa angamba izy','a:2:{i:0;s:62:\"Je ne peux pas dire, c\'est peut-être un (travailleur|ouvrier)\";i:1;s:57:\"Je ne sais pas, c\'est peut-être un (travailleur|ouvrier)\";}'),(43,31,'asabotsy','a:1:{i:0;s:6:\"samedi\";}'),(44,41,'ataovy tsara lanja','a:1:{i:1;s:36:\"(pesez|pèse) (bien|(le|) bon poids)\";}'),(45,33,'au revoir, à vendredi prochain','a:1:{i:0;s:20:\"veloma, amin\'ny zoma\";}'),(46,10,'Aujourd\'hui','a:1:{i:0;s:15:\"(Anio|Androany)\";}'),(47,28,'avez-vous peut de tomber malade ?','a:1:{i:0;s:31:\"matahotra soa harary ve ianao ?\";}'),(48,41,'avia','a:4:{i:0;s:5:\"viens\";i:1;s:5:\"venez\";i:2;s:8:\"approche\";i:3;s:9:\"approchez\";}'),(49,20,'avy','a:1:{i:0;s:5:\"venir\";}'),(50,21,'avy ny erika','a:3:{i:0;s:8:\"il pleut\";i:1;s:36:\"il tombe (une pluie fine|un crachin)\";i:2;s:11:\"il crachine\";}'),(51,12,'aza matahotra','a:2:{i:0;s:24:\"(n\'aies|n\'ayez) pas peur\";i:1;s:35:\"ne (t\'inquiète|vous inquietez) pas\";}'),(52,42,'azafady, omeo kilao dimy aho','a:2:{i:1;s:55:\"(s\'il vous plaît|pardon), donnez (moi|m\'en) cinq kilos\";i:2;s:39:\"donnez m\'en cinq kilos s\'il vous plaît\";}'),(53,2,'Be','a:1:{i:0;s:25:\"Très|gros|grand|beaucoup\";}'),(54,5,'Beaucoup de gens sont malades','a:1:{i:0;s:18:\"Be ny olona marary\";}'),(55,39,'betsaka ny entana : lamba, hena, anana, voankazo, vonikazo ...','a:1:{i:0;s:155:\"(|il y a) beaucoup de (marchandises|choses|objets|fournitures) : (du|des|) tissus, (|de la) viande, (|des) (légumes|brèdes), (|des) fruits, (|des) fleurs\";}'),(56,14,'boky','a:1:{i:0;s:14:\"(le|un|) livre\";}'),(57,5,'C\'est bien que l\'eau soit propre et que la maison soit propre','a:1:{i:1;s:40:\"tsara ny rano (|madio) sy ny trano madio\";}'),(58,43,'c\'est bon marché','a:1:{i:0;s:10:\"mora izany\";}'),(59,9,'C\'est le café avec du lait et du sucre qui est bon','a:1:{i:0;s:41:\"Ny kafé misy ronono sy siramamy no tsara\";}'),(60,17,'C\'est le café qui est plus chaud que le thé','a:1:{i:0;s:39:\"ny cafe no mafana (kokoa|) noho ny dite\";}'),(61,17,'c\'est le café sans sucre qui est plus amer','a:1:{i:0;s:42:\"ny cafe tsy misy siramamy no mangidy kokoa\";}'),(62,46,'c\'est loin là où sont les cultivateurs','a:1:{i:0;s:27:\"lavitra no misy ny mpamboly\";}'),(63,10,'C\'était propre','a:1:{i:0;s:5:\"Nadio\";}'),(64,43,'ça n\'est pas cher','a:1:{i:0;s:14:\"tsy lafo izany\";}'),(65,7,'Ce sont des bagages','a:1:{i:0;s:38:\"Entana (izy|) (irery|ireto|ireny|ireo)\";}'),(66,7,'Ce sont des écoliers','a:1:{i:0;s:35:\" Mpianatra (irery|ireto|ireny|ireo)\";}'),(67,7,'Ces hommes sont des ouvriers et des menuisiers','a:1:{i:0;s:41:\"Mpiasa sy mpandrafitra ireo lehilahy ireo\";}'),(68,7,'Cet objet (tout proche) est propre','a:1:{i:0;s:30:\"Madio ity (zavatra|entana) ity\";}'),(69,5,'Cet ouvrier est-il malade ?','a:1:{i:0;s:61:\"Marary ve io mpiasa io ?|tsy fantatro raha marary izy na tsia\";}'),(70,7,'Cette bouteille-là est un médicament sucré','a:1:{i:0;s:42:\"Fanafody mamy (io|iry) tavoahangy (io|iry)\";}'),(71,5,'Cette eau est-elle amer ?','a:1:{i:0;s:23:\"Mangidy ve io rano io ?\";}'),(72,5,'Cette personne et l\'enfant sont peut-être malades','a:1:{i:0;s:41:\"Marary angamba io olona io sy ny zazakely\";}'),(73,35,'chez (lui|elle)','a:1:{i:0;s:9:\"any aminy\";}'),(74,35,'chez eux','a:1:{i:0;s:12:\"any aminareo\";}'),(75,35,'chez moi','a:1:{i:0;s:9:\"any amiko\";}'),(76,35,'chez nous','a:1:{i:0;s:10:\"any aminay\";}'),(77,40,'chez nous, le marché est le jeudi','a:2:{i:1;s:37:\"any aminay amin\'ny alakamisy ny tsena\";i:2;s:37:\"amin\'ny alakamisy ny tsena any aminay\";}'),(78,35,'chez toi','a:1:{i:0;s:10:\"any aminao\";}'),(79,43,'combien la douzaine ?','a:1:{i:0;s:22:\"ohatrina ny dozenina ?\";}'),(80,3,'Comment sont l\'eau et la maison ?','a:1:{i:0;s:34:\"Manao ahoana ny trano sy ny rano ?\";}'),(81,9,'De l\'eau froide','a:1:{i:0;s:16:\"Rano mangatsiaka\";}'),(82,10,'Déjà','a:1:{i:0;s:3:\"Efa\";}'),(83,10,'Demain','a:1:{i:0;s:10:\"Rahampitso\";}'),(84,32,'dimanche','a:1:{i:0;s:7:\"alahady\";}'),(85,26,'diso','a:2:{i:1;s:37:\"(avoir tort|qui a tort|qui se trompe)\";i:2;s:32:\"(être dans l\'erreur|se tromper)\";}'),(86,27,'diso ianao fa tsy nanao kapaoty','a:1:{i:0;s:94:\"(tu as|vous avez) eu tort de ne pas (avoir (porté|mis)|mettre) ((d\'|un )impair|(de|un) kaway)\";}'),(87,27,'diso tokoa !','a:1:{i:0;s:31:\"(vraiment|carrément|trop) tort\";}'),(88,8,'Dite','a:1:{i:0;s:10:\"(Du|) thé\";}'),(89,12,'dokotera','a:1:{i:0;s:27:\"(le|un|) (médecin|docteur)\";}'),(90,13,'donnez à la femme du lait chaud','a:1:{i:0;s:37:\"omeo ronono mafana (ny|ilay) vehivahy\";}'),(91,17,'donnez des livres aux élèves','a:1:{i:0;s:22:\"omeo boky ny mpianatra\";}'),(92,19,'donnez-lui un poulet aussi gras que le canard','a:1:{i:0;s:40:\"omeo akoho matavy tahaka ny ganagana izy\";}'),(93,46,'donnez-moi de l\'argent si vous en avez beaucoup','a:1:{i:0;s:34:\"omeo vola aho raha manana be ianao\";}'),(94,25,'donnez-moi les lettres','a:2:{i:0;s:23:\"omeo (ahy|) ny taratasy\";i:1;s:20:\"aiza aty ny taratasy\";}'),(95,10,'Efa','a:1:{i:0;s:6:\"Déjà\";}'),(96,45,'efa betsaka izy izao ka ahoana no lafo tahaka izany ?','a:1:{i:0;s:95:\"il y en a beaucoup maintenant, pourquoi (sont-ils|est-ce|est-ce que (c\'est|)) (si|aussi) cher ?\";}'),(97,42,'efa mora be izany tompoko','a:1:{i:0;s:66:\"c\'est déjà (très peut cher|très bon marché) (monsieur|madame)\";}'),(98,13,'efa nantsoinareo ve ny dokotera ?','a:1:{i:0;s:65:\"(est-ce que|) vous avez (déjà|) appelé le (docteur|médecin) ?\";}'),(99,13,'efa nomenay ronono mafana izy tompoko','a:1:{i:0;s:66:\"Nous lui avons déjà donné (du|un) lait chaud, (monsieur|madame)\";}'),(100,44,'efatra','a:1:{i:0;s:6:\"quatre\";}'),(101,20,'elo','a:2:{i:0;s:28:\"(un|le|) (parapluie|parasol)\";i:1;s:18:\"(une|la|) ombrelle\";}'),(102,44,'enina','a:1:{i:0;s:3:\"six\";}'),(103,6,'Entana','a:9:{i:0;s:6:\"Objets\";i:1;s:6:\"Bagage\";i:2;s:8:\"Un objet\";i:3;s:9:\"Un bagage\";i:4;s:11:\"Des bagages\";i:5;s:4:\"Truc\";i:6;s:5:\"Trucs\";i:7;s:9:\"Des trucs\";i:8;s:7:\"Un truc\";}'),(104,28,'entrez si vous voulez','a:1:{i:0;s:21:\"mandrosoa raha tianao\";}'),(105,2,'Eny','a:1:{i:0;s:19:\"(Oui|Ouais|Yes|Oki)\";}'),(106,38,'eny an-tsena','a:1:{i:0;s:10:\"au marché\";}'),(107,39,'eny Analakely ny tsena','a:1:{i:0;s:27:\"le marché est à Analakely\";}'),(108,36,'eny fa ho avy tompoko','a:1:{i:0;s:40:\"oui (nous viendrons|on viendra) monsieur\";}'),(109,13,'eny tompoko, ary efa nanome fanafody izy','a:1:{i:0;s:82:\"oui (monsieur|madame), et il a (déjà|) donné (un|des) (médicament|remède)(s|)\";}'),(110,3,'Eny, madio ny trano','a:1:{i:0;s:25:\"Oui, la maison est propre\";}'),(111,3,'Eny, madio tsara ny trano','a:1:{i:0;s:30:\"Oui, la maison est bien propre\";}'),(112,3,'Eny, maloto be ny rano','a:1:{i:0;s:32:\"Oui, l\'eau est (très|bien) sale\";}'),(113,3,'Eny, maloto ny rano','a:1:{i:0;s:19:\"Oui, l\'eau est sale\";}'),(114,5,'Eny, mpiasa izy','a:1:{i:0;s:35:\"Oui, c\'est un (travailleur|ouvrier)\";}'),(115,3,'Eny, tsy madio ny trano','a:3:{i:0;s:31:\"Oui, la maison n\'est pas propre\";i:1;s:26:\"La maison n\'est pas propre\";i:2;s:31:\"Non, la maison n\'est pas propre\";}'),(116,3,'Eny, tsy maloto be ny rano','a:3:{i:0;s:38:\"Oui, l\'eau n\'est pas (très|bien) sale\";i:1;s:38:\"Non, l\'eau n\'est pas (très|bien) sale\";i:2;s:33:\"L\'eau n\'est pas (très|bien) sale\";}'),(117,3,'Eny, tsy maloto ny rano','a:3:{i:0;s:25:\"Oui, l\'eau n\'est pas sale\";i:1;s:25:\"Non, l\'eau n\'est pas sale\";i:2;s:20:\"L\'eau n\'est pas sale\";}'),(118,20,'erika','a:2:{i:1;s:23:\"(la|une|) pluie (fine|)\";i:2;s:39:\"(du|un|le|) (crachin|brouillard|bruime)\";}'),(119,43,'est-ce que c\'est bon marché ?','a:1:{i:0;s:8:\"mora ve?\";}'),(120,43,'est-ce que c\'est cher ?','a:1:{i:0;s:18:\"lafo ve (|izany) ?\";}'),(121,10,'Était malade','a:1:{i:0;s:6:\"Narary\";}'),(122,12,'fa','a:1:{i:0;s:4:\"mais\";}'),(123,23,'fa maninona','a:1:{i:0;s:8:\"pourquoi\";}'),(124,24,'fa maninona no mandeha avy orana ?','a:2:{i:0;s:77:\"pourquoi (pars-tu|aller|partir|partez-vous|vas-tu|allez-vous) sous la pluie ?\";i:1;s:32:\"pourquoi y aller sous la pluie ?\";}'),(125,34,'faly','a:3:{i:0;s:11:\"content(|e)\";i:1;s:12:\"heureu(x|se)\";i:2;s:13:\"satisfait(e|)\";}'),(126,18,'famaky','a:1:{i:0;s:12:\"(une|) hache\";}'),(127,4,'Fanafody','a:2:{i:0;s:11:\"Médicament\";i:1;s:7:\"Remède\";}'),(128,7,'Fanafody ireo tavoahangy ireo','a:1:{i:0;s:46:\"Ces bouteilles sont des (médicaments|remède)\";}'),(129,27,'fanafody mahasoa ny aspirina fa misaotra tompoko','a:2:{i:0;s:62:\"merci (monsieur|madame) l\'aspirine ((|me )sera|(m\'|)est) utile\";i:1;s:57:\"l\'aspirine (m\'est|me) sera utile, merci (monsieur|madame)\";}'),(130,5,'Fanafody mangidy','a:2:{i:0;s:26:\"(remède|Médicament) amer\";i:1;s:29:\"Un (médicament|remède) amer\";}'),(131,6,'Fanaka','a:2:{i:0;s:6:\"Meuble\";i:1;s:9:\"Un meuble\";}'),(132,7,'Fanaka irery entana irery','a:1:{i:1;s:77:\"(Ces|Ce) (bagage|truc|chose|affaire)(|s) là bas (est un|sont des) meuble(s|)\";}'),(133,44,'fehezany','a:2:{i:0;s:15:\"(une|la|) botte\";i:1;s:15:\"(un|le|) paquet\";}'),(134,11,'Fera-t-il beau temps ?','a:1:{i:0;s:22:\"Ho tsara ve ny andro ?\";}'),(135,11,'Fera-t-il beau temps aussi demain ?','a:1:{i:0;s:37:\"Ho tsara koa ve ny andro rahampitso ?\";}'),(136,11,'Fera-t-il beau temps demain ?','a:1:{i:0;s:33:\"Ho tsara ve ny andro rahampitso ?\";}'),(137,18,'ganagana','a:1:{i:0;s:12:\"(un|) canard\";}'),(138,7,'Ginette iry verivavy iry','a:2:{i:0;s:34:\"Cette femme (là-bas|) est Ginette\";i:1;s:36:\"C\'est Ginette cette femme (là-bas|)\";}'),(139,10,'Guéri','a:1:{i:0;s:7:\"Sitrana\";}'),(140,10,'Hadio','a:1:{i:0;s:11:\"Sera propre\";}'),(141,11,'Hadio indray ny trano rahampitso','a:1:{i:0;s:44:\"La maison sera (à|de) nouveau propre demain\";}'),(142,10,'Haloto','a:1:{i:0;s:22:\"(Sera|Seront) sale(s|)\";}'),(143,36,'Hanao inona isika ?','a:2:{i:0;s:44:\"qu\'est-ce (que nous allons|qu\'on va) faire ?\";i:1;s:17:\"que ferons-nous ?\";}'),(144,23,'handeha aho','a:4:{i:0;s:7:\"je vais\";i:1;s:6:\"j\'irai\";i:2;s:13:\"je vais aller\";i:3;s:8:\"j\'y vais\";}'),(145,24,'handeha ho any Antananarivo aho','a:1:{i:0;s:23:\"je vais à Antananarivo\";}'),(146,12,'handriny','a:1:{i:0;s:9:\"son front\";}'),(147,10,'Hangatsiaka','a:1:{i:0;s:10:\"Sera froid\";}'),(148,11,'Hangatsiaka ny ronono','a:1:{i:0;s:18:\"Le lait sera froid\";}'),(149,18,'hareza','a:1:{i:0;s:12:\"(un|) rasoir\";}'),(150,34,'hariva','a:2:{i:0;s:10:\"(le|) soir\";i:1;s:16:\"(l\'|)après-midi\";}'),(151,38,'hena','a:1:{i:0;s:19:\"((de |)la |) viande\";}'),(152,10,'Hier','a:1:{i:0;s:5:\"Omaly\";}'),(153,20,'hiova','a:5:{i:0;s:10:\"va changer\";i:1;s:8:\"changera\";i:2;s:10:\"changeront\";i:3;s:9:\"changerez\";i:4;s:15:\"changerai(s|t|)\";}'),(154,36,'hiresaka momba ny raharahantsika sy hisotro dite','a:1:{i:0;s:109:\"(nous (parlerons|discuterons)|on (parlera|discutera)) de nos affaire et (on boira|nous buverons) (du|un) thé\";}'),(155,24,'ho aiza ?','a:3:{i:1;s:36:\"où (tu vas|va(-t-(il|elle)|s-tu)) ?\";i:2;s:16:\"où allez-vous ?\";i:3;s:48:\"où est-ce qu(e vous|\'il va|e tu vas|ils vont) ?\";}'),(156,24,'ho aiza ianao tompoko ?','a:1:{i:1;s:60:\"(où allez-vous|vous allez où|tu vas où) (monsieur|madame)\";}'),(157,23,'ho any','a:1:{i:0;s:7:\"là bas\";}'),(158,20,'ho avy','a:1:{i:0;s:7:\"viendra\";}'),(159,21,'ho avy ve ny orana ?','a:1:{i:0;s:29:\"(est-ce qu\'|)il va pleuvoir ?\";}'),(160,36,'ho faly izahay ho any aminareo','a:1:{i:0;s:48:\"nous serions (heureux|content) d\'aller chez vous\";}'),(161,11,'Ho mamy ny fanafody','a:1:{i:0;s:43:\"Le (médicament|remède) sera (sucré|doux)\";}'),(162,13,'ho sitrana ny zazakely fa aza matahotra','a:1:{i:0;s:175:\"((l\'enfant va|les enfants vont) guérir|(l\'enfant sera|les enfants seront) guéri(|s)) (alors|donc|) (ne vous inquietez pas|n\'ayez pas peur|ne t\'inquiète pas|n\'aies pas peur)\";}'),(163,11,'Ho tsara ny andro rahampitso','a:2:{i:0;s:44:\"(Le temps sera|Il fera) beau (temps|) demain\";i:1;s:29:\"La journée sera belle demain\";}'),(164,34,'ihany','a:1:{i:0;s:9:\"seulement\";}'),(165,17,'il a déjà donné les cahiers','a:1:{i:0;s:23:\"efa nanome ny kahie izy\";}'),(166,19,'il a donné des pêches aussi bonnes que les pommes','a:1:{i:0;s:37:\"nanome paiso tsara tahaka ny poma izy\";}'),(167,11,'Il a fait très froid hier','a:1:{i:0;s:20:\"Nangatsiaka be omaly\";}'),(168,33,'il a plu aujourd\'hui','a:1:{i:0;s:21:\"avy ny orana androany\";}'),(169,33,'il faisait beau avant-hier mardi','a:1:{i:0;s:32:\"tsara ny andro afak\'omaly talata\";}'),(170,22,'il fait beau aujourd\'hui mais le temps peut changer','a:1:{i:1;s:61:\"tsara ny andro (androany|anio) (n|)efa mety hiova (|ny andro)\";}'),(171,22,'il fait froid maintenant','a:1:{i:0;s:28:\"mangatsiaka (ny andro|) izao\";}'),(172,11,'Il fera beau temps aujourd\'hui','a:1:{i:0;s:22:\"Ho tsara ny andro anio\";}'),(173,22,'il n\'y a pas eu de pluie hier','a:1:{i:0;s:20:\"tsy nisy orana omaly\";}'),(174,25,'il peut faire très froid si le ciel est couvert de nuages','a:1:{i:0;s:66:\"mety hangatsiaka be( ny andro|) raha (manjombona|rasty) ny lanitra\";}'),(175,33,'il pleuvra aujourd\'hui','a:1:{i:0;s:20:\"ho avy ny orana anio\";}'),(176,22,'il pleuvra peut-etre demain','a:1:{i:0;s:34:\"ho avy angamba ny orana rahampitso\";}'),(177,10,'Indray','a:1:{i:0;s:21:\"(De nouveau|Prochain)\";}'),(178,18,'indrindra','a:2:{i:0;s:16:\"(le|la) meilleur\";i:1;s:12:\"(le|la) plus\";}'),(179,6,'Inona','a:1:{i:0;s:4:\"quoi\";}'),(180,39,'inona avy ny entana amidy eny ?','a:1:{i:1;s:130:\"(qu\'est-ce (|qu\'il y a)|quelles sont les (marchandises|choses|objets|fournitures)) (à vendre|qui sont à vendre|qu\'on (y|)vend) ?\";}'),(181,7,'Inona io zavatra io ?','a:2:{i:0;s:37:\"(Quelle est|c\'est quoi) cette chose ?\";i:1;s:37:\"Qu\'est-ce que c\'est que cette chose ?\";}'),(182,7,'Inona ireo tavoahangy ireo ?','a:1:{i:1;s:81:\"(C\'est quoi|Que sont|Qu\'est-ce que sont|Qu\'est-ce que c\'est que) ces bouteilles ?\";}'),(183,7,'Inona irery entana irery ?','a:1:{i:0;s:84:\"(Que sont|C\'est quoi|Qu\'est-ce que c\'est que) ces (choses|objets|bagages) (là-bas|)\";}'),(184,7,'Inona iry fanaka iry ?','a:3:{i:0;s:31:\"Quel est ce meuble (là-bas|) ?\";i:1;s:46:\"Qu\'est-ce que c\'est que ce meuble (là-bas|) ?\";i:2;s:22:\"c\'est quoi ce meuble ?\";}'),(185,9,'Inona koa no tsara ?','a:1:{i:0;s:42:\"(Qu\'est-ce|C\'est quoi) qui est bon aussi ?\";}'),(186,27,'inona no fanafody sery tsara ?','a:1:{i:0;s:61:\"quel médicament est (bien|bon) (pour|contre) (le|un) rhume ?\";}'),(187,9,'Inona no madio ?','a:1:{i:0;s:26:\"Qu\'est-ce qui est propre ?\";}'),(188,16,'inona no madio kokoa noho ny latabatra ?','a:1:{i:0;s:61:\"(qu\'est-ce qui|c\'est quoi qui) est plus propre que la table ?\";}'),(189,9,'Inona no mafana ?','a:1:{i:0;s:42:\"(Qu\'est-ce qui|C\'est quoi qui) est chaud ?\";}'),(190,19,'inona no mahia indrindra','a:1:{i:1;s:69:\"((|c\'est (quoi|qui))|(qui est-ce|qu\'est-ce) qui est) le plus maigre ?\";}'),(191,9,'Inona no mangatsiaka ?','a:1:{i:0;s:38:\"(Qu\'est-ce|C\'est quoi) qui est froid ?\";}'),(192,9,'Inona no mangidy ?','a:1:{i:0;s:24:\"Qu\'est-ce qui est amer ?\";}'),(193,19,'inona no maranitra indrindra ?','a:1:{i:0;s:69:\"(qu\'est-ce qui est|c\'est quoi) le plus (tranchant|aiguisé|coupant) ?\";}'),(194,9,'Inona no tsara ?','a:1:{i:0;s:48:\"(Qu\'est-ce|C\'est quoi) qui est (bon|beau|bien) ?\";}'),(195,16,'inona no tsara noho ny rano ?','a:1:{i:0;s:57:\"(qu\'est-ce|c\'est quoi) qui est meilleur que (de|) l\'eau ?\";}'),(196,31,'inona ny ampitson\'ny alarobia ?','a:1:{i:0;s:37:\"c\'est quoi le lendemain de mercredi ?\";}'),(197,31,'inona ny omalin\'ny talata ?','a:1:{i:0;s:31:\"c\'est quoi la veille de mardi ?\";}'),(198,31,'inona rahafak\'ampitso ?','a:1:{i:0;s:28:\"ce sera quoi après-demain ?\";}'),(199,23,'inty','a:1:{i:1;s:13:\"(voici|tiens)\";}'),(200,42,'inty àry','a:1:{i:0;s:22:\"(voici|voilà)( donc|)\";}'),(201,45,'inty àry tompoko','a:1:{i:0;s:32:\"(voici|voilà) (monsieur|madame)\";}'),(202,24,'inty ny elo sao lena ny akanjo','a:1:{i:0;s:156:\"(voici|tenez|voilà|tiens) (un|le) parapluie (sinon (les|tes|vos) vêtements seront mouillés|(de peur de|pour (|ne) pas) mouiller (les|tes|vos) vêtements)\";}'),(203,45,'inty ny volanao','a:1:{i:0;s:24:\"voila (votre|ton) argent\";}'),(204,4,'Io','a:3:{i:0;s:2:\"Ce\";i:1;s:5:\"Cette\";i:2;s:3:\"Ces\";}'),(205,9,'Io fanafody io no mangidy','a:1:{i:0;s:49:\"(C\'est|) ce (médicament|remède) (qui|) est amer\";}'),(206,44,'iray','a:1:{i:0;s:2:\"un\";}'),(207,45,'iray fehezany mihitsy no omeko anao','a:1:{i:0;s:37:\"je (vous|te) donne une botte entière\";}'),(208,6,'Ireo','a:3:{i:0;s:3:\"Ces\";i:1;s:8:\"Ceux-là\";i:2;s:4:\"ceux\";}'),(209,31,'ireto ny andro amin\'ny heriandro','a:1:{i:0;s:38:\"(voici|voilà) les jours de la semaine\";}'),(210,33,'irez-vous à antananarivo vendredi prochain ?','a:1:{i:0;s:56:\"(|handeha) ho any antananarivo ve ianareo amin\'ny zoma ?\";}'),(211,9,'Iry lehilahy iry no mpandrafitra','a:1:{i:1;s:50:\"(C\'est|) cet homme(-ci|-là|) (qui|) est menuisier\";}'),(212,6,'Iza','a:1:{i:0;s:3:\"qui\";}'),(213,7,'Iza io lehilahy io ?','a:1:{i:0;s:19:\"Qui est cet homme ?\";}'),(214,7,'Iza ireo olona ireo ?','a:2:{i:0;s:31:\"qui sont ces (personnes|gens) ?\";i:1;s:32:\"C\'est qui ces (personnes|gens) ?\";}'),(215,7,'Iza irery zazakely irery ?','a:2:{i:0;s:43:\"Qui sont ces (enfants|bébés) (là-bas|) ?\";i:1;s:44:\"C\'est qui ces (enfants|bébés) (là-bas|) ?\";}'),(216,7,'Iza iry vehivavy iry ?','a:1:{i:0;s:32:\"Qui est cette femme (|là-bas) ?\";}'),(217,9,'Iza no marary ?','a:1:{i:0;s:40:\"(C\'est qui|Qui est-ce|) qui est malade ?\";}'),(218,19,'Iza no matanjaka indindra ?','a:1:{i:0;s:66:\"(qui (est-ce qui est|c\'est|est)|c\'est qui (qui est|)) le plus fort\";}'),(219,9,'Iza no mpandrafitra ?','a:1:{i:0;s:33:\"Qui (est-ce qui|) est menuisier ?\";}'),(220,10,'Izao','a:1:{i:0;s:10:\"Maintenant\";}'),(221,46,'j\'ai beaucoup d\'argent','a:1:{i:1;s:20:\"manam-bola be (aho|)\";}'),(222,40,'j\'irai peut être la semaine prochaine','a:1:{i:0;s:56:\"(handeha|ho avy) angamba (|aho) amin\'ny heriandro indray\";}'),(223,40,'je n\'achèterai pas d\'objets','a:1:{i:1;s:31:\"tsy hividy (entana|zavatra) aho\";}'),(224,46,'je n\'ai pas d\'argent du tout','a:1:{i:0;s:40:\"(|tena) tsy manam-bola (|mihitsy) (|aho)\";}'),(225,46,'je n\'ai pas de monnaie','a:1:{i:0;s:34:\"tsy manana madinika (|vola) (aho|)\";}'),(226,5,'Je ne sais pas si il est malade ou non','a:1:{i:1;s:44:\"Tsy fantatro (raha|na) marary (|izy) na tsia\";}'),(227,37,'je ne sais pas, il y a beaucoup de travail, je viendrai peut-être','a:1:{i:0;s:48:\"tsy fantatro, be ny raharaha, ho avy angamba aho\";}'),(228,40,'je ne suis pas libre jeudi mais j\'irai peut être la semaine prochaine','a:1:{i:1;s:87:\"tsy afaka aho amin\'ny alakamisy, nefa (handeha|ho avy ) (|aho) amin\'ny heriandro indray\";}'),(229,40,'je ne vendrai pas de marchandises','a:1:{i:0;s:24:\"tsy hivarotra entana aho\";}'),(230,28,'je suis allé à Antananarivo pour une affaire urgente','a:1:{i:0;s:55:\"(nandeha|) tany Antananarivo aho fa nisy raharaha maika\";}'),(231,33,'je suis allé à antananarivo vendredi dernier','a:1:{i:0;s:46:\"(|nandeha) tany antananarivo aho tamin\'ny zoma\";}'),(232,32,'jeudi','a:2:{i:0;s:9:\"alakamisy\";i:1;s:5:\"jeudi\";}'),(233,8,'Kafe','a:1:{i:0;s:11:\"(Du|) Café\";}'),(234,14,'kahie','a:1:{i:0;s:6:\"cahier\";}'),(235,23,'kapaoty','a:3:{i:0;s:6:\"impair\";i:1;s:12:\"imperméable\";i:2;s:6:\"capote\";}'),(236,14,'kisoa','a:1:{i:0;s:22:\"(un|le|) (cochon|porc)\";}'),(237,8,'Koa','a:1:{i:0;s:5:\"Aussi\";}'),(238,28,'l\'aspirine m\'a été utile car j\'avais de la fièvre','a:1:{i:0;s:37:\"nahasoa ahy ny aspirina fa nanavy aho\";}'),(239,3,'L\'eau est bien propre','a:1:{i:0;s:19:\"Madio tsara ny rano\";}'),(240,3,'L\'eau est propre','a:1:{i:0;s:13:\"Madio ny rano\";}'),(241,3,'L\'eau et la maison ne sont pas propres','a:1:{i:0;s:29:\"Tsy madio ny rano sy ny trano\";}'),(242,11,'L\'eau était sale','a:1:{i:0;s:14:\"Naloto ny rano\";}'),(243,3,'L\'eau n\'est-elle pas bien propre ?','a:1:{i:0;s:28:\"Tsy madio tsara ve ny rano ?\";}'),(244,13,'l\'enfant est-il guéri ?','a:1:{i:0;s:24:\"sitrana ve ny zazakely ?\";}'),(245,11,'L\'enfant ne sera pas malade','a:1:{i:0;s:22:\"Tsy harary ny zazakely\";}'),(246,13,'la femme malade sera guérie aussi','a:1:{i:0;s:40:\"ho sitrana koa (ilay|ny) vehivahy marary\";}'),(247,11,'La maison n\'était pas propre','a:1:{i:0;s:18:\"Tsy nadio ny trano\";}'),(248,11,'La maison sera-t-elle propre ?','a:1:{i:0;s:19:\"Hadio ve ny trano ?\";}'),(249,28,'la pluie tombe à verse','a:1:{i:0;s:15:\"avy be ny orana\";}'),(250,7,'La table et la chaise sont des meubles','a:1:{i:0;s:30:\"Fanaka ny latabatra sy ny seza\";}'),(251,38,'lafo','a:1:{i:0;s:4:\"cher\";}'),(252,45,'lafo ange no ividiananay azy amin\'ny mpamboly','a:1:{i:0;s:95:\"(on les (achète|paye)|nous les (achetons|payons) cher) aux (paysans|agriculteurs|cultivateurs)\";}'),(253,45,'lafo ange no ividiananay azy amin\'ny mpamboly ary lavitra no hakana azy','a:1:{i:1;s:167:\"(on (les |le |l\')(achète|paye)|nous (les |le |l\')(achetons|payons) cher) au(x) ((paysan|agriculteur|cultivateur)(s)) et (|puis) (on|je) va les (prendre|chercher) loin\";}'),(254,42,'lafo loatra izany vidiny izany','a:3:{i:0;s:15:\"c\'est trop cher\";i:1;s:21:\"ce prix est trop chez\";i:2;s:9:\"trop cher\";}'),(255,39,'lafo ny hena','a:1:{i:0;s:20:\"la viande est chère\";}'),(256,28,'laissez-le rentrer chez lui parce qu\'il n\'y a pas de médicament ici','a:1:{i:0;s:38:\"aoka izy hody fa tsy misy fanafody ato\";}'),(257,28,'laissez-moi entrer dans la maison si vous n\'êtes pas pressé','a:1:{i:0;s:45:\"aoka aho ho ato an-trano raha tsy maika ianao\";}'),(258,38,'lamba','a:1:{i:1;s:28:\"(du|des|) (tissus|linge(s|))\";}'),(259,20,'lanitra','a:1:{i:0;s:13:\"(le|un|) ciel\";}'),(260,6,'Latabatra','a:4:{i:0;s:5:\"Table\";i:1;s:9:\"Une table\";i:2;s:8:\"la table\";i:3;s:10:\"des tables\";}'),(261,7,'Latabatra io zavatra io','a:2:{i:0;s:25:\"Cette chose est une table\";i:1;s:15:\"C\'est une table\";}'),(262,44,'lavitra','a:2:{i:0;s:4:\"loin\";i:1;s:9:\"éloigné\";}'),(263,45,'lavitra no hakana azy','a:1:{i:0;s:38:\"(on|je) va les (prendre|chercher) loin\";}'),(264,17,'le boeuf est moins gras que le porc','a:2:{i:0;s:41:\"tsy matavy (kokoa|) noho ny kisoa ny omby\";i:1;s:36:\"mahia (kokoa|) noho ny kisoa ny omby\";}'),(265,9,'Le café sans lait ni sucre','a:1:{i:0;s:37:\"(Ny) kafe tsy misy ronono sy siramamy\";}'),(266,11,'Le café sera froid','a:1:{i:0;s:19:\"Hangatsiaka ny kafe\";}'),(267,17,'le cahier est moins épais que le livre','a:1:{i:0;s:43:\"tsy matevina (kokoa|) noho ny boky ny kahie\";}'),(268,22,'le ciel bleu est beau','a:1:{i:0;s:22:\"tsara ny lanitra manga\";}'),(269,22,'le ciel couvert de nuages est laid','a:1:{i:0;s:27:\"ratsy ny lanitra manjombona\";}'),(270,46,'le commerçant y perd si il vend trop bon marché','a:1:{i:0;s:52:\"maty antoka ny mpivarotra raha mivarotra mora loatra\";}'),(271,10,'Le jour','a:1:{i:0;s:8:\"ny andro\";}'),(272,13,'le médecin a déjà donné un médicament','a:1:{i:0;s:31:\"efa nanome fanafody ny dokotera\";}'),(273,17,'le papier est plus léger que la pierre','a:1:{i:0;s:41:\"maivana (kokoa|) noho ny vato ny taratasy\";}'),(274,25,'le temps peut être chaud si le ciel est bleu','a:1:{i:0;s:45:\"mety hafana( ny andro|) raha manga ny lanitra\";}'),(275,9,'Le thé sucré est bon aussi','a:1:{i:1;s:46:\"Tsara koa ny (dite (|misy) siramamy|dite mamy)\";}'),(276,6,'Lehilahy','a:2:{i:0;s:5:\"Homme\";i:1;s:8:\"Un homme\";}'),(277,23,'lena','a:1:{i:0;s:16:\"mouillé(e|)(s|)\";}'),(278,27,'Lena ny akanjo rehetra','a:1:{i:0;s:53:\"(l|m)es vêtements (étaient|sont) tou(t|s) mouillés\";}'),(279,40,'les commerçants vendent bon marché aujourd\'hui','a:1:{i:0;s:33:\"mivarotra mora ny mpivarotra anio\";}'),(280,40,'les commerçants vendent bon marché ce jour-là si les acheteurs ne sont pas nombreux','a:1:{i:0;s:73:\"mivarotra mora ny mprivarotra amin\'io andro io raha tsy betsaka ny mpvidy\";}'),(281,3,'Les maisons sont-elles sales ?','a:1:{i:0;s:20:\"Maloto ve ny trano ?\";}'),(282,20,'lohataona','a:1:{i:0;s:14:\"(le|) printemp\";}'),(283,21,'lohataona izao','a:1:{i:0;s:32:\"c\'est le printemps (maintenant|)\";}'),(284,32,'lundi','a:1:{i:0;s:11:\"alatsinainy\";}'),(285,22,'madame porte un parapluie car il tombe une petite plui fine','a:1:{i:0;s:35:\"mitondra elo madama fa avy ny erika\";}'),(286,44,'madinika','a:2:{i:1;s:22:\"(la|) (|petite) monaie\";i:2;s:17:\"(les|) pièce(s|)\";}'),(287,2,'Madio','a:1:{i:0;s:6:\"Propre\";}'),(288,16,'madio noho io latabatra io iry seza iry','a:1:{i:0;s:85:\"(ce fauteuil|cette chaise|ce siège) (là-bas|) est plus propre que cette table (ci|)\";}'),(289,3,'Madio ny rano','a:1:{i:0;s:16:\"L\'eau est propre\";}'),(290,3,'Madio ny trano','a:1:{i:0;s:20:\"La maison est propre\";}'),(291,3,'Madio tsara ny trano','a:2:{i:0;s:33:\"La maison est (très|bien) propre\";i:1;s:25:\"La maison est bien propre\";}'),(292,7,'Madio tsara ve ireo fanaka ireo ?','a:1:{i:0;s:65:\"(Est-ce que ces meubles sont|Ces meubles sont-ils) bien propres ?\";}'),(293,3,'Madio tsara ve ny trano ?','a:3:{i:0;s:38:\"Est-ce que la maison est bien propre ?\";i:1;s:32:\"La maison est-elle bien propre ?\";i:2;s:27:\"La maison est bien propre ?\";}'),(294,3,'Madio ve ny trano ?','a:3:{i:0;s:33:\"Est-ce que la maison est propre ?\";i:1;s:27:\"La maison est-elle propre ?\";i:2;s:22:\"La maison est propre ?\";}'),(295,8,'Mafana','a:1:{i:0;s:5:\"Chaud\";}'),(296,13,'mafana be tompoko','a:1:{i:0;s:39:\"(Il est |)très chaud (monsieur|madame)\";}'),(297,21,'mafana ery izy izany','a:1:{i:0;s:53:\"il fait (si|vraiment|très|tellement|) (très |)chaud\";}'),(298,13,'mafana ve ny handriny ?','a:1:{i:0;s:35:\"(Est-ce que |)son front est chaud ?\";}'),(299,26,'mahasoa','a:1:{i:0;s:14:\"(être|) utile\";}'),(300,14,'mahia','a:1:{i:0;s:6:\"maigre\";}'),(301,19,'mahia kokoa noho ny ganagana ny akoho, nefa ny omby no mahia indrindra','a:1:{i:0;s:117:\"le poulet est (plus maigre|moins (gras|gros)) que le canard, mais (c\'est|) le (zébu|boeuf) (qui est|) le plus maigre\";}'),(302,15,'mahia ny omby','a:1:{i:0;s:19:\"le zébu est maigre\";}'),(303,19,'mahia tahaka ny ganagana ny akoho','a:1:{i:0;s:55:\"le poulet est (maigre comme|aussi maigre que) le canard\";}'),(304,23,'maika','a:3:{i:0;s:15:\"pressé(e|)(s|)\";i:1;s:6:\"urgent\";i:2;s:16:\"pressant(e|)(s|)\";}'),(305,10,'Maintenant','a:1:{i:0;s:4:\"Izao\";}'),(306,10,'Mais','a:1:{i:0;s:4:\"Nefa\";}'),(307,14,'maivana','a:1:{i:0;s:6:\"léger\";}'),(308,15,'maivana ny taratasy','a:2:{i:0;s:20:\"le papier est léger\";i:1;s:36:\"la feuille (de papier|) est légère\";}'),(309,21,'majombona ny lanitra','a:1:{i:0;s:63:\"(le ciel est|il fait|le temps est) (couvert|gris|mauvais|froid)\";}'),(310,44,'maka','a:1:{i:0;s:7:\"prendre\";}'),(311,2,'Maloto','a:1:{i:0;s:4:\"Sale\";}'),(312,3,'Maloto be ny rano','a:1:{i:0;s:27:\"L\'eau est (très|bien) sale\";}'),(313,3,'Maloto be ve ny rano ?','a:3:{i:0;s:40:\"Est-ce que l\'eau est (très|bien) sale ?\";i:1;s:34:\"L\'eau est-elle (très|bien) sale ?\";i:2;s:29:\"L\'eau est (très|bien) sale ?\";}'),(314,16,'maloto noho ny trano ireo fanaka ireo','a:1:{i:0;s:47:\"Ces meubles(-ci|) sont plus sales que la maison\";}'),(315,3,'Maloto ny rano','a:1:{i:0;s:14:\"L\'eau est sale\";}'),(316,3,'Maloto ve ny rano','a:2:{i:0;s:27:\"Est-ce que l\'eau est sale ?\";i:1;s:38:\"L\'eau est-elle sale ?:L\'eau est sale ?\";}'),(317,3,'Maloto ve ny trano ?','a:3:{i:0;s:31:\"Est-ce que la maison est sale ?\";i:1;s:25:\"La maison est-elle sale ?\";i:2;s:20:\"La maison est sale ?\";}'),(318,4,'Mamy','a:2:{i:0;s:6:\"Sucré\";i:1;s:4:\"Doux\";}'),(319,19,'mamy tahaka ny paiso ny poma','a:1:{i:0;s:56:\"la pomme est (sucrée comme|aussi sucrée que) la pêche\";}'),(320,44,'manana','a:1:{i:0;s:5:\"avoir\";}'),(321,21,'manao ahoana ny andro ririnina','a:2:{i:0;s:52:\"(quel temps fait-il|comment est le temps) en hiver ?\";i:1;s:52:\"L\'hiver, (quel temps fait-il|comment est le temps) ?\";}'),(322,15,'manao ahoana ny boky ?','a:1:{i:0;s:22:\"comment est le livre ?\";}'),(323,3,'Manao ahoana ny trano ?','a:1:{i:0;s:23:\"Comment est la maison ?\";}'),(324,20,'manaova','a:3:{i:0;s:4:\"fais\";i:1;s:6:\"faites\";i:2;s:10:\"met(s|tez)\";}'),(325,21,'manaova akanjo mafana sao voan\'ny sery','a:1:{i:0;s:115:\"(porte|mets) des vêtements chauds ((de peur d\'|pour ne pas )attraper un rhume|(de peur de|pour ne pas) t\'enrhumer)\";}'),(326,12,'manavy','a:2:{i:0;s:20:\"être fiévreu(x|se)\";i:1;s:19:\"avoir de la fièvre\";}'),(327,26,'mandrosoa','a:1:{i:0;s:10:\"(r|)entrer\";}'),(328,20,'manga','a:1:{i:0;s:11:\"(le |) bleu\";}'),(329,21,'manga ny lanitra','a:1:{i:0;s:16:\"le ciel est bleu\";}'),(330,8,'Mangatsiaka','a:1:{i:0;s:5:\"Froid\";}'),(331,21,'mangatsiaka ery amin\'izay','a:1:{i:0;s:30:\"il fait froid à ce moment là\";}'),(332,4,'Mangidy','a:2:{i:0;s:6:\"Amère\";i:1;s:4:\"Amer\";}'),(333,5,'Mangidy angamba izy io','a:2:{i:0;s:22:\"Il est peut-être amer\";i:1;s:21:\"C\'est peut-être amer\";}'),(334,16,'mangidy noho io kafe io tsy misy siramamy io ny fanafody','a:1:{i:0;s:112:\"(le|les) (remède|médicament)(s|) (est|sont) plus amer(s|) que ce café (noir|sans sucre|pas sucré|non sucré)\";}'),(335,19,'mangidy tahaka ny kafe ny fanafody','a:1:{i:0;s:65:\"le (médicament|remède) est (amer comme|aussi amer que) le café\";}'),(336,5,'Mangidy ve io fanafody io ?','a:3:{i:0;s:46:\"Est-ce que ce (médicament|remède) est amer ?\";i:1;s:38:\"Ce (médicament|remède) est-il amer ?\";i:2;s:35:\"Ce (médicament|remède) est amer ?\";}'),(337,14,'manify','a:2:{i:0;s:3:\"fin\";i:1;s:5:\"mince\";}'),(338,15,'manify kokoa noho ny boky ny kahie','a:1:{i:0;s:43:\"le cahier est plus (fin|mince) que le livre\";}'),(339,15,'manify ny kahie','a:1:{i:0;s:25:\"le cahier est (fin|mince)\";}'),(340,20,'manjombona','a:2:{i:0;s:37:\"((le|) temps|) (gris|mauvais|couvert)\";i:1;s:19:\"(le|) mauvais temps\";}'),(341,34,'maraina:(le|) matin','a:1:{i:1;s:28:\"((la|) matinée|(le|) matin)\";}'),(342,18,'maranitra','a:3:{i:0;s:9:\"tranchant\";i:1;s:8:\"aiguisé\";i:2;s:7:\"coupant\";}'),(343,19,'maranitra kokoa noho ny famaky ny antsy, nefa ny hareza no maranitra indrindra','a:1:{i:0;s:201:\"le couteau ((coupe|tranche) mieux|est (plus|mieux) (aiguisé|coupant)) que la hache, mais (c\'est|) le rasoir ((qui est|) le (plus (tranchant|aiguisé|coupant)|mieux aiguisé)|qui coupe le (mieux|plus))\";}'),(344,4,'Marary','a:2:{i:0;s:6:\"Malade\";i:1;s:7:\"Blessé\";}'),(345,5,'Marary angamba izy','a:1:{i:0;s:24:\"Il est peut-être malade\";}'),(346,13,'marary tompoko ny zazakely','a:1:{i:0;s:50:\"(L\'enfant|Le bébé) est malade, (monsieur|madame)\";}'),(347,5,'Marary ve io zazakely io ?','a:3:{i:1;s:59:\"(|Est-ce que) ((cet |l\')enfant|(ce|le) bébé) est malade ?\";i:2;s:35:\"Cet (enfant|bébé) est-il malade ?\";i:3;s:32:\"Cet (enfant|bébé) est malade ?\";}'),(348,19,'Marc était aussi fort que Michel','a:1:{i:0;s:35:\"natanjaka tahaka an\'i Michel i Marc\";}'),(349,32,'mardi','a:1:{i:0;s:6:\"talata\";}'),(350,44,'masiaka','a:3:{i:0;s:7:\"piquant\";i:1;s:8:\"méchant\";i:2;s:8:\"sévère\";}'),(351,12,'matahotra','a:3:{i:0;s:10:\"avoir peur\";i:1;s:13:\"être inquiet\";i:2;s:12:\"s\'inquiéter\";}'),(352,18,'matanjaka','a:1:{i:0;s:4:\"fort\";}'),(353,19,'matanjaka kokoa noho i Robert i Jean, nefa i Johnny no matanjaka indrindra','a:1:{i:0;s:72:\"Jean est plus fort que Robert, mais c\'est Johnny (qui est|) le plus fort\";}'),(354,14,'matavy','a:1:{i:0;s:4:\"gras\";}'),(355,15,'matavy ny kisoa','a:1:{i:0;s:25:\"le (porc|cochon) est gras\";}'),(356,19,'matavy tahaka ny kisoa ny omby','a:1:{i:0;s:64:\"le (boeuf|zébu) est (gras comme|aussi gras que) le (porc|cocho)\";}'),(357,14,'matevina','a:1:{i:0;s:6:\"épais\";}'),(358,15,'matevina kokoa noho ny kahie ny boky','a:1:{i:0;s:38:\"Le livre est plus épais que le cahier\";}'),(359,15,'matevina ny boky','a:1:{i:0;s:19:\"le livre est épais\";}'),(360,44,'maty','a:1:{i:0;s:4:\"mort\";}'),(361,44,'maty antoka','a:2:{i:0;s:15:\"vendre à perte\";i:1;s:14:\"se faire avoir\";}'),(362,45,'maty antoka aho tompoko amin\'izany','a:2:{i:0;s:58:\"je (me fais avoir|vends à perte) (là|) (monsieur|madame)\";i:1;s:40:\"je vends à perte (comme ça) (monsieur)\";}'),(363,14,'mavesatra','a:1:{i:0;s:5:\"lourd\";}'),(364,15,'mavesatra kokoa noho ny taratasy ny vato','a:1:{i:0;s:88:\"(le caillou|la pierre) est plus lourd(e) que (le papier|la feuille|la feuille de papier)\";}'),(365,15,'mavesatra ny vato','a:1:{i:0;s:35:\"(la pierre|le caillou) est lourd(e)\";}'),(366,45,'mba ataovy ariary roa ny efatra','a:3:{i:1;s:66:\"(donne|donnez|faites|fais)-(moi|m\'en) deux ariary pour les quatres\";i:2;s:66:\"(donne|donnez|faites|fais)-(moi|m\'en) les quatres pour deux ariary\";i:3;s:72:\"(est-ce que )(tu peux|vous pouvez) faire deux ariary (pour|les) quatre ?\";}'),(367,32,'mercredi','a:1:{i:0;s:8:\"alarobia\";}'),(368,20,'mety','a:5:{i:0;s:2:\"ok\";i:1;s:8:\"d\'accord\";i:2;s:10:\"ça marche\";i:3;s:9:\"c\'est bon\";i:4;s:14:\"ça fonctionne\";}'),(369,24,'mety ho avy ny orana raha manjombona ny andro','a:1:{i:0;s:163:\"(c\'est possible qu\'il pleuve|il (peut pleuvoir|se peut qu\'il pleuve)) (si|quand) (le temps est (gris|mauvais|couvert)|il ((ne|) fait pas beau|fait (mauvais|gris)))\";}'),(370,45,'miady varotra','a:2:{i:0;s:10:\"marchander\";i:1;s:9:\"négocier\";}'),(371,34,'miasa','a:1:{i:0;s:10:\"travailler\";}'),(372,36,'miasa ve ianareo ny asabotsy hariva ?','a:1:{i:0;s:75:\"(travaillez-vous|(est-ce que |)vous travaillez) samedi (après-midi|soir) ?\";}'),(373,44,'mihitsy','a:2:{i:0;s:8:\"vraiment\";i:1;s:8:\"en effet\";}'),(374,38,'mikiakiaka','a:1:{i:0;s:5:\"crier\";}'),(375,34,'miresaka','a:3:{i:0;s:6:\"causer\";i:1;s:8:\"bavarder\";i:2;s:8:\"discuter\";}'),(376,24,'misaotra tompoko fa efa manao kapaoty aho','a:1:{i:1;s:69:\"merci (monsieur|madame) mais (j\'ai|je porte) déjà un (kaway|impair)\";}'),(377,34,'misotro','a:1:{i:0;s:5:\"boire\";}'),(378,24,'misy raharaha maika hatao any','a:1:{i:0;s:104:\"(il y a|j\'ai|j\'y ai) (une affaire|des affaires) (pressée|urgente)(s|) (à faire|à régler|) (là-bas|)\";}'),(379,20,'mitondra','a:1:{i:0;s:25:\"(porter|avoir) (sur soi|)\";}'),(380,38,'mivarotra','a:1:{i:0;s:6:\"vendre\";}'),(381,39,'mivarotra sy mikiakiaka ny mpivarotra','a:1:{i:1;s:46:\"les (commerçants|vendeurs) crient et vendent \";}'),(382,26,'mody','a:1:{i:1;s:23:\"rentrer (|à la maison)\";}'),(383,38,'mora','a:3:{i:0;s:6:\"facile\";i:1;s:11:\"bon marché\";i:2;s:15:\"pas cher:simple\";}'),(384,45,'mora izany tompoko','a:1:{i:0;s:64:\"((c\'est|ça n\'est) pas cher|c\'est bon marché) (monsieur|madame)\";}'),(385,39,'mora ny voankazo','a:2:{i:0;s:31:\"les fruits (ne|) sont pas chers\";i:1;s:27:\"les fruits sont bon marché\";}'),(386,44,'mpamboly','a:1:{i:0;s:41:\"(un|le|) (paysan|agriculteur|cultivateur)\";}'),(387,6,'Mpandrafitra','a:2:{i:0;s:9:\"Menuisier\";i:1;s:12:\"Un menuisier\";}'),(388,7,'Mpandrafitra io lehilahy io','a:2:{i:0;s:29:\"Cet homme est (un|) menuisier\";i:1;s:18:\"C\'est un menuisier\";}'),(389,6,'Mpianatra','a:7:{i:0;s:8:\"Écolier\";i:1;s:7:\"Élève\";i:2;s:9:\"Étudiant\";i:3;s:9:\"Apprenant\";i:4;s:11:\"Un écolier\";i:5;s:10:\"Un élève\";i:6;s:12:\"Un étudiant\";}'),(390,7,'Mpianatra irery zazakely irery','a:3:{i:1;s:86:\"(Ces|Cet) enfant(|s) (là-bas|) (est|sont) (|des|un) (écolier|apprenti|étudiant)(|s)\";i:2;s:40:\"Ces enfants (là-bas|) sont des élèves\";i:3;s:27:\"Ce ont des élèves là bas\";}'),(391,4,'Mpiasa','a:2:{i:0;s:11:\"Travailleur\";i:1;s:7:\"Ouvrier\";}'),(392,5,'Mpiasa angamba izy','a:1:{i:0;s:41:\"C\'est peut-être un (travailleur|ouvrier)\";}'),(393,7,'Mpiasa ireo olona ireo','a:2:{i:0;s:26:\"Ces gens sont des ouvriers\";i:1;s:40:\"Ces gens sont des (travailleur|ouvrier)s\";}'),(394,5,'Mpiasa ve io olona io ?','a:4:{i:0;s:56:\"Est-ce que cette personne est un (travailleur|ouvrier) ?\";i:1;s:50:\"Cette personne est-elle un (travailleur|ouvrier) ?\";i:2;s:45:\"Cette personne est un (travailleur|ouvrier) ?\";i:3;s:32:\"C\'est un (travailleur|ouvrier) ?\";}'),(395,38,'mpivarotra','a:1:{i:0;s:30:\"(un|le|) (vendeur|commerçant)\";}'),(396,38,'mpvidy','a:1:{i:0;s:35:\"(des |un |l\'|)(client|acheteur)(s|)\";}'),(397,38,'mvidy','a:1:{i:0;s:7:\"acheter\";}'),(398,42,'mvidy ovy','a:1:{i:0;s:37:\"acheter des (patates|pommes de terre)\";}'),(399,39,'mvidy sy miady varotra ny mpvidy','a:1:{i:0;s:61:\"les (acheteurs|clients) achètent et (négocient|marchandent)\";}'),(400,23,'na','a:1:{i:0;s:11:\"ou (alors|)\";}'),(401,10,'Nadio','a:1:{i:0;s:18:\"(C\'|)était propre\";}'),(402,11,'Nadio ny trano omaly nefa haloto anio','a:1:{i:0;s:63:\"La maison était propre hier mais (elle|) sera sale aujourd\'hui\";}'),(403,11,'Nafana ny kafe nefa mangatsiaka izao','a:1:{i:0;s:70:\"Le café était chaud mais (maintenant|) (il|) est froid (|maintenant)\";}'),(404,27,'nandeha tany Antananarivo aho omaly','a:2:{i:0;s:34:\"je suis allé à Antananarivo hier\";i:1;s:35:\"hier, je suis allé à Antananarivo\";}'),(405,11,'Nangidy ny kafe','a:1:{i:0;s:20:\"Le café était amer\";}'),(406,12,'nanome izy','a:1:{i:0;s:18:\"(il|elle) a donné\";}'),(407,12,'nantsoinareo','a:1:{i:0;s:17:\"vous avez appelé\";}'),(408,10,'Narary','a:1:{i:0;s:13:\"Était malade\";}'),(409,11,'Narary ny zazakely omaly nefa efa sitrana izao','a:1:{i:0;s:72:\"(Le bébé|L\'enfant) était malade hier mais (il|) est guéri maintenant\";}'),(410,10,'Nefa','a:1:{i:0;s:4:\"Mais\";}'),(411,27,'nitondra elo ve ianao ?','a:1:{i:0;s:104:\"(est-ce que|) (tu (avais (pris|)|portais)|vous (aviez (pris|)|portiez)) un parapluie (|sur (toi|vous)) ?\";}'),(412,12,'nomenay','a:1:{i:0;s:17:\"nous avons donné\";}'),(413,33,'non, car j\'y suis déjà allé lundi mais j\'y retournerai mercredi','a:1:{i:0;s:90:\"tsia, fa efa tany aho tamin\'ny alatsianainy ary (handeha|) ho any indray amin\'ny alairobia\";}'),(414,5,'Non, cette eau n\'est pas amère','a:1:{i:0;s:28:\"Tsia, tsy mangidy io rano io\";}'),(415,7,'Non, ils sont sales','a:1:{i:0;s:24:\"Tsia, maloto (izy|) ireo\";}'),(416,40,'non, je ne suis pas libre jeudi','a:1:{i:0;s:37:\"tsia, tsy afaka aho amin\'ny alakamisy\";}'),(417,3,'Non, les maisons ne sont pas sales','a:1:{i:0;s:25:\"Tsia, tsy maloto ny trano\";}'),(418,46,'nous les achetons cher aux cultivateurs','a:1:{i:0;s:40:\"lafo no ividiananay azy amin\'ny mpamboly\";}'),(419,37,'nous parlerons de nos a affaires urgentes','a:1:{i:0;s:56:\"hiresaka momba raharahan(hay|tsika) maika (izahay|isika)\";}'),(420,37,'nous travaillons cet après-midi','a:1:{i:0;s:32:\"miasa anio hariva (izahay|isika)\";}'),(421,2,'Ny','a:3:{i:0;s:2:\"Le\";i:1;s:2:\"La\";i:2;s:3:\"Les\";}'),(422,30,'ny ampitson\'ny','a:1:{i:0;s:15:\"le lendemain de\";}'),(423,10,'Ny andro','a:1:{i:0;s:15:\"Le (temps|jour)\";}'),(424,9,'Ny dite misy siramamy koa no tsara','a:1:{i:0;s:65:\"(C\'est|) le thé (sucré|avec du sucre) (qui est|c\'est) bon aussi\";}'),(425,9,'Ny kafe mafana misy ronono no tsara','a:1:{i:0;s:56:\"(C\'est|) le café chaud (au|avec du) lait (qui|) est bon\";}'),(426,9,'Ny kafe no mafana','a:1:{i:0;s:34:\"(C\'est|) le café (qui|) est chaud\";}'),(427,45,'ny kely omena ahy fa masoaka ny vaventy','a:1:{i:1;s:103:\"(donnez|donne)-moi (le|du|des|les) petit(|s) (car|parce que) les (gros|ses) (sont piquant(|es)|piquent)\";}'),(428,30,'ny omalin\'ny','a:1:{i:0;s:12:\"la veille de\";}'),(429,9,'Ny ronono no mangatsiaka','a:1:{i:0;s:33:\"(C\'est|) le lait (qui|) est froid\";}'),(430,16,'ny ronono no tsara noho ny rano','a:1:{i:0;s:52:\"(c\'est|) le lait (qui|) est meilleur que (de|) l\'eau\";}'),(431,16,'ny seza no madio kokoa noho ny latabatra','a:1:{i:0;s:65:\"(c\'est|) (la chaise|le fauteuil) qui est plus propre que la table\";}'),(432,9,'Ny trano no madio','a:1:{i:0;s:36:\"(C\'est|) la maison (qui|) est propre\";}'),(433,9,'Ny zazakely no marary','a:1:{i:0;s:35:\"(C\'est|) l\'enfant (qui|) est malade\";}'),(434,42,'ohatrina izany ny volanao ?','a:2:{i:0;s:41:\"combien (as-tu|t\'as|avez-vous) d\'argent ?\";i:1;s:44:\"(tu as|t\'as|vous avez) combien (|d\'argent) ?\";}'),(435,42,'ohatrina ny kilao ?','a:1:{i:0;s:27:\"combien (coûte|) le kilo ?\";}'),(436,45,'ohatrina ny radianao','a:4:{i:0;s:47:\"combien (pour|coûte(ent|)) (vos|votre) radis ?\";i:1;s:26:\"votre radis coûte combien\";i:2;s:28:\"vos radis coûtent combien ?\";i:3;s:19:\"combien tes radis ?\";}'),(437,4,'Olona','a:3:{i:0;s:8:\"Personne\";i:1;s:12:\"Une personne\";i:2;s:9:\"Quelqu\'un\";}'),(438,10,'Omaly','a:1:{i:0;s:4:\"Hier\";}'),(439,14,'omby','a:1:{i:0;s:14:\"(un|le|) zébu\";}'),(440,44,'omeko','a:1:{i:0;s:8:\"je donne\";}'),(441,44,'omena','a:1:{i:0;s:6:\"donner\";}'),(442,12,'omeo','a:1:{i:0;s:11:\"donne(s|z|)\";}'),(443,13,'omeo dite mafana misy siramamy','a:1:{i:0;s:72:\"(Donne|Donnez)(-lui|) (du|un) thé chaud (sucré|au sucre|avec du sucre)\";}'),(444,45,'omeo kely enina àry aho raha tsy azo iadiam-barotra ianao','a:1:{i:0;s:123:\"(donne|donndez)-(moi|m\'en) six petites si (on ne peut pas|ça n\'est pas possible de) (négocier|marchander) avec (toi|vous)\";}'),(445,25,'où est le meuble où se trouvent le sucre et le café ?','a:1:{i:0;s:49:\"aiza ny fanaka misy ny siramamy sy ny (cafe|kafe)\";}'),(446,25,'où va cet homme ?','a:1:{i:0;s:24:\"ho aiza io lehilahy io ?\";}'),(447,13,'oui, monsieur, l\'enfant est guéri','a:1:{i:0;s:32:\"eny tompoko, sitrana ny zazakely\";}'),(448,41,'ovy','a:1:{i:1;s:42:\"(une|des|) (patate(|s)|pomme(|s) de terre)\";}'),(449,18,'paiso','a:1:{i:0;s:13:\"(une|) pêche\";}'),(450,11,'Peut-être fera-t-il beau demain','a:1:{i:0;s:27:\"Angamba ho tsara rahampitso\";}'),(451,18,'poma','a:1:{i:0;s:12:\"(une|) pomme\";}'),(452,46,'pourquoi les prix sont-ils aussi élevés ?','a:1:{i:1;s:51:\"(fa|) maninona no lafo (|be) tahaka izany ny vidiny\";}'),(453,37,'pourquoi travaillez-vous un samedi après-midi ?','a:1:{i:0;s:44:\"fa maninona ho miasa asabotsy hariva ianareo\";}'),(454,9,'Qu\'est-ce qu\'il y a dans cette bouteille ?','a:1:{i:0;s:41:\"Misy inona (ity|io) tavoahangy (ity|io) ?\";}'),(455,9,'Qu\'est-ce qui est amer ?','a:1:{i:0;s:18:\"Inona no mangidy ?\";}'),(456,9,'Qu\'est-ce qui est bon ?','a:1:{i:0;s:16:\"Inona no tsara ?\";}'),(457,9,'Qu\'est-ce qui est bon aussi ?','a:1:{i:1;s:29:\"Inona (|koa) no tsara (|koa)?\";}'),(458,17,'qu\'est-ce qui est plus amer ?','a:1:{i:0;s:24:\"inona no mangidy kokoa ?\";}'),(459,17,'qu\'est-ce qui est plus chaud que le thé ?','a:1:{i:0;s:39:\"inona no mafana (kokoa|) noho ny dite ?\";}'),(460,7,'Que sont ces objets là-bas ?','a:1:{i:1;s:36:\"Inona ireny (entana|zavatra) ireny ?\";}'),(461,43,'quel est le prix de la douzaine ?','a:1:{i:0;s:31:\"ohatrina no vidin\'ny dozenina ?\";}'),(462,19,'qui était le plus fort ?','a:1:{i:0;s:26:\"iza no natanjaka indrindra\";}'),(463,7,'Qui sont ces enfants ?','a:1:{i:0;s:24:\"Iza ireo zazakely ireo ?\";}'),(464,44,'radianao','a:1:{i:0;s:25:\"(vos|votre|ton|tes) radis\";}'),(465,36,'raha afaka ianareo dia tongava any aminay','a:1:{i:0;s:60:\"si vous (êtes libres|(le|) pouvez), venez (|donc) chez nous\";}'),(466,31,'raha alahady anio dia inona afak\'omaly ?','a:1:{i:0;s:126:\"si (nous sommes dimanche|c\'est dimanche (aujourd\'hui|)), (alors|) (c\'était quoi|quand étions-nous|qu\'était-ce) avant-hier ?\";}'),(467,24,'raha mafana ny andro dia manaova akanjo maivana','a:1:{i:0;s:116:\"(si|quand) (le temps est|il fait) chaud, ((met|por)tez|(met|porte)(s|)) (un vêtement léger|des vêtements légers)\";}'),(468,24,'raha magatsiaka ny andro dia manaova akanjo matevina','a:1:{i:0;s:115:\"(si|quand) (le temps est|il fait) froid, ((met|por)tez|(met|porte)(s|)) (un vêtement épais|des vêtements épais)\";}'),(469,30,'rahafak\'ampitso','a:1:{i:0;s:13:\"après-demain\";}'),(470,10,'Rahampitso','a:1:{i:0;s:6:\"Demain\";}'),(471,23,'raharaha','a:3:{i:1;s:18:\"(|des) affaire(s|)\";i:2;s:7:\"travail\";i:3;s:7:\"travaux\";}'),(472,2,'Rano','a:3:{i:0;s:3:\"Eau\";i:1;s:8:\"De l\'eau\";i:2;s:5:\"L\'eau\";}'),(473,5,'Rano maloto','a:2:{i:0;s:8:\"Eau sale\";i:1;s:13:\"De l\'eau sale\";}'),(474,20,'ratsy','a:2:{i:0;s:7:\"mauvais\";i:1;s:7:\"pas bon\";}'),(475,21,'ratsy ny andro','a:3:{i:0;s:22:\"il (ne|) fait pas beau\";i:1;s:23:\"il fait (froid|mauvais)\";i:2;s:41:\"le temps est (couvert|gris|mauvais|froid)\";}'),(476,27,'ratsy ny andro fa avy ny orana','a:1:{i:0;s:64:\"le temps (était|a été) mauvais(,| :| car) il (pleuvait|a plu)\";}'),(477,26,'rehetra','a:1:{i:0;s:8:\"tou(t|s)\";}'),(478,46,'rendez-moi la monnaie','a:1:{i:0;s:28:\"amereno ny (volako|madinika)\";}'),(479,20,'ririnina','a:1:{i:0;s:10:\"(l\'|)hiver\";}'),(480,44,'roa','a:1:{i:0;s:4:\"deux\";}'),(481,8,'Ronono','a:1:{i:0;s:10:\"(Du|) lait\";}'),(482,32,'samedi','a:1:{i:0;s:8:\"asabotsy\";}'),(483,10,'Sera froid','a:1:{i:0;s:11:\"Hangatsiaka\";}'),(484,10,'Sera propre','a:1:{i:0;s:5:\"Hadio\";}'),(485,10,'Sera sale','a:1:{i:0;s:6:\"Haloto\";}'),(486,6,'Seza','a:2:{i:0;s:15:\"(une|la|)chaise\";i:1;s:17:\"(le|un|) fauteuil\";}'),(487,7,'Seza iry fanaka iry','a:2:{i:0;s:35:\"Ce meuble (là-bas|) est une chaise\";i:1;s:38:\"C\'est une chaise, ce meuble (là-bas|)\";}'),(488,43,'si c\'est bon marché, j\'achèterai trois douzaine','a:1:{i:0;s:51:\"raha mora (ny vidiny|) dia hividy dozenina telo aho\";}'),(489,43,'si c\'est cher, je n\'achèterai pas','a:2:{i:0;s:34:\"raha lafo (|be) dia tsy hividy aho\";i:1;s:30:\"tsy hividy aho raha lafo (|be)\";}'),(490,25,'si vous allez à Antananarivo, mettez de beaux vêtements','a:1:{i:0;s:67:\"raha (ho|handeha) any Antananarivo ianareo dia manaova akanjo tsara\";}'),(491,8,'Siramamy','a:1:{i:0;s:11:\"(Du|) sucre\";}'),(492,10,'Sitrana','a:1:{i:0;s:6:\"Guéri\";}'),(493,2,'Sy','a:1:{i:0;s:2:\"Et\";}'),(494,31,'talata','a:1:{i:0;s:5:\"mardi\";}'),(495,30,'tamin\'ny zoma','a:1:{i:0;s:16:\"vendredi dernier\";}'),(496,31,'tany antananarivo aho tamin\'ny zoma ary handeha ho any indray amin\'ny talata','a:1:{i:0;s:104:\"je suis allé à antananarivo vendredi (dernier|) et (j\'y|je) ((re|)partirai|retournerai) mardi prochain\";}'),(497,14,'taratasy','a:2:{i:0;s:18:\"(un|le|du|) papier\";i:1;s:17:\"(une|la|) feuille\";}'),(498,6,'Tavoahangy','a:2:{i:1;s:9:\"Bouteille\";i:2;s:13:\"Une bouteille\";}'),(499,41,'telo','a:1:{i:0;s:5:\"trois\";}'),(500,26,'tianao','a:2:{i:1;s:23:\"(tu veux|(tu |t\')aimes)\";i:2;s:16:\"(tu |t\')as envie\";}'),(501,26,'tokoa','a:1:{i:0;s:8:\"vraiment\";}'),(502,12,'Tompoko','a:2:{i:0;s:8:\"monsieur\";i:1;s:6:\"madame\";}'),(503,34,'tongava','a:2:{i:0;s:5:\"viens\";i:1;s:5:\"venez\";}'),(504,2,'Trano','a:3:{i:0;s:6:\"Maison\";i:1;s:9:\"La maison\";i:2;s:10:\"Une maison\";}'),(505,5,'Trano madio','a:2:{i:0;s:13:\"Maison propre\";i:1;s:17:\"Une maison propre\";}'),(506,13,'tsara izany','a:1:{i:0;s:17:\"c\'est bien (ça|)\";}'),(507,9,'Tsara koa ny dite misy siramamy','a:2:{i:0;s:61:\"Le thé (sucré|avec du sucre) (aussi|) (|c\')est bon (aussi|)\";i:1;s:46:\"C\'est bon aussi le thé (avec du sucre|sucré)\";}'),(508,16,'tsara noho ny rano ny ronono','a:1:{i:0;s:51:\"(le|du) lait (est|, c\'est) meilleur que (de|) l\'eau\";}'),(509,21,'tsara ny andro','a:1:{i:0;s:33:\"(il fait|le temps est) (beau|bon)\";}'),(510,9,'Tsara ny kafe manafa misy ronono','a:2:{i:0;s:42:\"Le café (avec du|au) lait (est|c\'est) bon\";i:1;s:36:\"C\'est bon le café (avec du|au) lait\";}'),(511,24,'tsara ny mitondra elo na kapaoty raha avy ny orana','a:1:{i:1;s:151:\"(c\'est|il est) (bon|bien) (d\'avoir|de porter) un parapluie ou (une capote|un (kaway|impair)) (sur soi|) si (il pleut|la pluie tombe|il y a de la pluie)\";}'),(512,19,'tsara tahaka ny kafe ny dite','a:1:{i:0;s:46:\"le thé est (bon comme|aussi bon que) le café\";}'),(513,27,'tsara ve ny andro ?','a:3:{i:0;s:17:\"faisait-il beau ?\";i:1;s:39:\"(est-ce qu\'|)il (faisait|a fait) beau ?\";i:2;s:42:\"(est-ce que|) le temps était (bon|beau) ?\";}'),(514,38,'tsena','a:1:{i:0;s:16:\"(un|le|) marché\";}'),(515,2,'Tsia','a:3:{i:0;s:3:\"Non\";i:1;s:5:\"Tropa\";i:2;s:3:\"Nan\";}'),(516,3,'Tsia, madio ny rano','a:1:{i:0;s:25:\"Non, la maison est propre\";}'),(517,3,'Tsia, maloto ny trano','a:1:{i:0;s:23:\"Non, la maison est sale\";}'),(518,5,'Tsia, tsy mpiasa izy','a:2:{i:0;s:56:\"Non, ((ça|ce) n\'est|c\'est) pas un (travailleur|ouvrier)\";i:1;s:0:\"\";}'),(519,4,'Tsy fantatro','a:2:{i:0;s:14:\"Je ne sais pas\";i:1;s:11:\"Je sais pas\";}'),(520,27,'tsy fantatro fa ity ny aspirina raha tianao','a:1:{i:0;s:76:\"je ne sais pas mais voi(ci|là) (de l\'|un )aspirine si (tu veux|vous voulez)\";}'),(521,5,'Tsy fantatro na mangidy izy io na mamy','a:4:{i:1;s:2:\"44\";i:2;s:8:\"44 kesta\";i:3;s:36:\"Je ne sais pas si il est amer ou non\";i:4;s:49:\"Je ne sais pas si il est amer ou (non|pas|sucré)\";}'),(522,5,'Tsy fantatro na marary izy na tsia','a:2:{i:0;s:38:\"Je ne sais pas si il est malade ou pas\";i:1;s:38:\"Je ne sais pas si il est malade ou non\";}'),(523,5,'Tsy fantatro na mpiasa izy na tsia','a:1:{i:0;s:55:\"Je ne sais pas si c\'est un (travailleur|ouvrier) ou pas\";}'),(524,21,'tsy hisy orana angamba anio nefa mety hiova ny andro ka tsara ny mitondra elo','a:1:{i:1;s:320:\"(peut-être qu\'|)(il ne va (|peut-être) pas pleuvoir|il ne pleuvra (|peut-être) pas|il n\'y aura (|peut-être pas) de pluie) aujourd\'hui mais le temps (risque de|va|pourra(|it)|peut) (peut-être|sans doute|) changer, et (alors|) (c\'est|(ce|ça|il) sera) (bon|bien) (de porter|d\'avoir (sur soi|)) un parapluie (sur soi|)\";}'),(525,3,'Tsy madio ny trano sy ny rano','a:1:{i:0;s:38:\"La maison et l\'eau ne sont pas propres\";}'),(526,3,'Tsy madio tsara ny trano sy ny rano','a:2:{i:0;s:43:\"La maison et l\'eau ne sont pas bien propres\";i:1;s:51:\"La maison et l\'eau ne sont pas (très|bien) propres\";}'),(527,3,'Tsy madio ve ny trano ?','a:3:{i:0;s:28:\"La maison n\'est pas propre ?\";i:1;s:33:\"La maison n\'est-elle pas propre ?\";i:2;s:39:\"Est-ce que la maison n\'est pas propre ?\";}'),(528,3,'Tsy maloto be ny rano','a:1:{i:0;s:33:\"L\'eau n\'est pas (très|bien) sale\";}'),(529,3,'Tsy maloto be ve ny rano ?','a:3:{i:0;s:62:\"Est-ce que l\'eau (n\'est(-t-elle|)|est) pas (très|bien) sale ?\";i:1;s:35:\"L\'eau n\'est pas (très|bien) sale ?\";i:2;s:40:\"L\'eau n\'est-elle pas (très|bien) sale ?\";}'),(530,3,'Tsy maloto ny rano','a:1:{i:0;s:20:\"L\'eau n\'est pas sale\";}'),(531,3,'Tsy maloto ve ny rano ?','a:3:{i:0;s:33:\"Est-ce que l\'eau n\'est pas sale ?\";i:1;s:27:\"L\'eau n\'est-elle pas sale ?\";i:2;s:22:\"L\'eau n\'est pas sale ?\";}'),(532,15,'tsy mavesatra kokoa noho ny vato ny taratasy','a:1:{i:0;s:117:\"(le papier|la feuille de papier|la feuille) (est plus léger que|n\'est pas plus lourd)(e|) que (la pierre|le caillou)\";}'),(533,36,'tsy misasa izahay ny hariva fa ny maraina ihany no miasa','a:1:{i:0;s:140:\"(on (ne|) travaille|nous ne travaillons) pas (le soir|l\'après-midi), (nous travaillons|on travaille||mais|) (uniquement|seulement) le matin\";}'),(534,13,'tsy tsara amin\'ny zazakely manavay ny ronono','a:2:{i:1;s:119:\"(Le|Du) lait (n\'est pas bon) pour (les|un) enfant(s) (malade|fiévreux|avec de la fièvre) (ça n\'est|c\'est) (pas bien)\";i:2;s:104:\"(c\'est|ça n\'est) pas (bon|bien) pour (les|un) enfant(|s) (malade|fiévreux|avec de la fièvre), le lait\";}'),(535,14,'vato','a:2:{i:0;s:16:\"(le|un|) caillou\";i:1;s:16:\"(la|une|) pierre\";}'),(536,41,'vaventy','a:1:{i:0;s:9:\"gros(se|)\";}'),(537,42,'vaventy ny ovy fa avia tompoko','a:1:{i:0;s:88:\"les (patates|pommes de terre) sont grosses(,| alors) (approchez|venez) (madame|monsieur)\";}'),(538,6,'Vehivavy','a:2:{i:1;s:5:\"Femme\";i:2;s:9:\"Une femme\";}'),(539,24,'veloma tompoko','a:1:{i:0;s:27:\"au revoir (monsieur|madame)\";}'),(540,32,'vendredi','a:1:{i:0;s:4:\"zoma\";}'),(541,37,'venez si vous êtes libres','a:1:{i:0;s:34:\"tongava raha afaka (ianao|ianareo)\";}'),(542,41,'vidiny','a:1:{i:0;s:13:\"(le|un|) prix\";}'),(543,40,'viendrez-vous à notre marché ?','a:1:{i:0;s:63:\"ho avy (eny|any) amin\'ny tsena(ko|tsika|nay) ve (ianao|ianareo)\";}'),(544,37,'viendrez-vous prendre le thé ce soir chez nous ?','a:1:{i:0;s:53:\"ho avy hisotro dite any aminay ve ianao anio hariva ?\";}'),(545,26,'vizaka','a:1:{i:0;s:12:\"fatigué(e|)\";}'),(546,27,'vizaka ery aho izany','a:1:{i:0;s:44:\"je suis (très|vraiment) (épuisé|fatigué)\";}'),(547,27,'voan\'ny sery aho izao','a:2:{i:0;s:27:\"maintenant je suis enrhumé\";i:1;s:27:\"je suis enrhumé maintenant\";}'),(548,43,'voici donc votre argent','a:1:{i:0;s:20:\"inty àry ny volanao\";}'),(549,38,'voninkazo','a:2:{i:0;s:12:\"(une|) fleur\";i:1;s:13:\"(des|) fleurs\";}'),(550,13,'vous avez appelé le médecin','a:1:{i:0;s:31:\"(efa|) nantsoinareo ny dokotera\";}'),(551,22,'vous avez mis des vêtements épais parce que vous aviez peur d\'attraper un rhume','a:1:{i:1;s:74:\"nanao akanjo matevina ianareo (satria ny ho|fa natahotra sao) voan\'ny sery\";}'),(552,6,'Zavatra','a:4:{i:0;s:5:\"Chose\";i:1;s:5:\"Objet\";i:2;s:9:\"Une chose\";i:3;s:8:\"Un objet\";}'),(553,4,'Zazakely','a:2:{i:0;s:6:\"Enfant\";i:1;s:6:\"Bébé\";}'),(554,5,'Zazakely marary','a:2:{i:0;s:22:\"(enfant|bébé) malade\";i:1;s:25:\"Un (enfant|bébé) malade\";}'),(555,31,'zoma','a:1:{i:0;s:8:\"vendredi\";}'),(556,39,'zoma anio ka ho betsaka ny olana','a:1:{i:1;s:106:\"(on est|c\'est) vendredi (aujourd\'hui|) (|alors|(et |)donc) il (y aura|va y avoir) beaucoup de (monde|gens)\";}'),(557,47,'ny anarana','a:1:{i:0;s:23:\"(le|un|des) prénom(|s)\";}'),(558,47,'ny ankizivavy','a:1:{i:0;s:29:\"(une|la) (jeune|petite) fille\";}'),(559,47,'ny anarako','a:1:{i:0;s:11:\"mon prénom\";}'),(560,47,'ny anaranao','a:1:{i:0;s:11:\"ton prénom\";}'),(561,47,'laza','a:1:{i:0;s:22:\"(parler|discuter|dire)\";}'),(562,47,'lazaiko','a:1:{i:0;s:3:\"où\";}'),(563,47,'ny tantara','a:1:{i:0;s:21:\"(l\'histoire|le conte)\";}'),(564,47,'ny tantaranao','a:1:{i:0;s:20:\"ton (histoire|conte)\";}'),(565,47,'ny tantarako','a:1:{i:0;s:20:\"mon (conte|histoire)\";}'),(566,47,'ny anarako','a:1:{i:0;s:3:\"où\";}'),(567,47,'ny anaranao','a:1:{i:0;s:3:\"où\";}'),(568,47,'io ankizivavy io','a:1:{i:0;s:26:\"cette (jeune|petite) fille\";}'),(569,47,'io tantara io','a:1:{i:0;s:3:\"où\";}');
/*!40000 ALTER TABLE `exercise` ENABLE KEYS */;
UNLOCK TABLES;

--
-- Table structure for table `fos_user`
--

DROP TABLE IF EXISTS `fos_user`;
/*!40101 SET @saved_cs_client     = @@character_set_client */;
/*!40101 SET character_set_client = utf8 */;
CREATE TABLE `fos_user` (
  `id` int(11) NOT NULL AUTO_INCREMENT,
  `username` varchar(180) COLLATE utf8_unicode_ci NOT NULL,
  `username_canonical` varchar(180) COLLATE utf8_unicode_ci NOT NULL,
  `email` varchar(180) COLLATE utf8_unicode_ci NOT NULL,
  `email_canonical` varchar(180) COLLATE utf8_unicode_ci NOT NULL,
  `enabled` tinyint(1) NOT NULL,
  `salt` varchar(255) COLLATE utf8_unicode_ci DEFAULT NULL,
  `password` varchar(255) COLLATE utf8_unicode_ci NOT NULL,
  `last_login` datetime DEFAULT NULL,
  `confirmation_token` varchar(180) COLLATE utf8_unicode_ci DEFAULT NULL,
  `password_requested_at` datetime DEFAULT NULL,
  `roles` longtext COLLATE utf8_unicode_ci NOT NULL COMMENT '(DC2Type:array)',
  PRIMARY KEY (`id`),
  UNIQUE KEY `UNIQ_957A647992FC23A8` (`username_canonical`),
  UNIQUE KEY `UNIQ_957A6479A0D96FBF` (`email_canonical`),
  UNIQUE KEY `UNIQ_957A6479C05FB297` (`confirmation_token`)
) ENGINE=InnoDB AUTO_INCREMENT=36 DEFAULT CHARSET=utf8 COLLATE=utf8_unicode_ci;
/*!40101 SET character_set_client = @saved_cs_client */;

--
-- Dumping data for table `fos_user`
--

LOCK TABLES `fos_user` WRITE;
/*!40000 ALTER TABLE `fos_user` DISABLE KEYS */;
INSERT INTO `fos_user` VALUES (35,'simon','simon','simon.ballu@gmail.com','simon.ballu@gmail.com',1,NULL,'$2y$13$DvDfHS/RyLX9.9MZLQ6vEOL3ZtpJ7aKf2MHntTeZbAL1TUG5l4Voq','2019-03-31 12:47:40',NULL,NULL,'a:1:{i:0;s:16:\"ROLE_SUPER_ADMIN\";}');
/*!40000 ALTER TABLE `fos_user` ENABLE KEYS */;
UNLOCK TABLES;

--
-- Table structure for table `learning`
--

DROP TABLE IF EXISTS `learning`;
/*!40101 SET @saved_cs_client     = @@character_set_client */;
/*!40101 SET character_set_client = utf8 */;
CREATE TABLE `learning` (
  `user_id` int(11) NOT NULL,
  `lesson_id` int(11) NOT NULL,
  `good_streak` int(11) NOT NULL,
  `last_practice` datetime NOT NULL,
  `last_scores` longtext COLLATE utf8_unicode_ci NOT NULL COMMENT '(DC2Type:array)',
  PRIMARY KEY (`user_id`,`lesson_id`),
  KEY `IDX_CF05A4C2A76ED395` (`user_id`),
  KEY `IDX_CF05A4C2CDF80196` (`lesson_id`),
  CONSTRAINT `FK_CF05A4C2A76ED395` FOREIGN KEY (`user_id`) REFERENCES `fos_user` (`id`),
  CONSTRAINT `FK_CF05A4C2CDF80196` FOREIGN KEY (`lesson_id`) REFERENCES `lesson` (`id`)
) ENGINE=InnoDB DEFAULT CHARSET=utf8 COLLATE=utf8_unicode_ci;
/*!40101 SET character_set_client = @saved_cs_client */;

--
-- Dumping data for table `learning`
--

LOCK TABLES `learning` WRITE;
/*!40000 ALTER TABLE `learning` DISABLE KEYS */;
INSERT INTO `learning` VALUES (35,2,2,'2019-03-19 23:47:10','a:2:{i:0;s:6:\"100.00\";i:1;s:6:\"100.00\";}'),(35,3,0,'2019-03-19 23:48:53','a:2:{i:0;s:6:\"100.00\";i:1;s:5:\"71.43\";}'),(35,4,3,'2019-03-28 22:48:01','a:3:{i:0;s:6:\"100.00\";i:1;s:6:\"100.00\";i:2;s:5:\"90.91\";}'),(35,5,3,'2019-03-19 23:51:39','a:3:{i:0;s:5:\"76.92\";i:1;s:5:\"90.91\";i:2;s:5:\"83.33\";}'),(35,6,4,'2019-03-28 21:54:25','a:3:{i:0;s:6:\"100.00\";i:1;s:5:\"90.91\";i:2;s:5:\"90.91\";}'),(35,7,0,'2019-03-25 00:27:40','a:3:{i:0;s:5:\"76.92\";i:1;s:5:\"76.92\";i:2;s:5:\"66.67\";}'),(35,8,2,'2019-03-25 00:28:26','a:2:{i:0;s:5:\"90.91\";i:1;s:6:\"100.00\";}'),(35,9,0,'2019-03-25 00:32:56','a:3:{i:0;s:5:\"66.67\";i:1;s:5:\"66.67\";i:2;s:5:\"71.43\";}'),(35,10,2,'2019-03-28 23:08:23','a:2:{i:0;s:6:\"100.00\";i:1;s:5:\"83.33\";}'),(35,11,1,'2018-07-19 07:51:25','a:1:{i:0;s:6:\"100.00\";}'),(35,12,2,'2019-03-28 23:07:07','a:2:{i:0;s:6:\"100.00\";i:1;s:6:\"100.00\";}'),(35,13,0,'2018-07-24 21:12:18','a:2:{i:0;s:5:\"71.43\";i:1;s:5:\"71.43\";}'),(35,14,2,'2019-03-28 23:06:14','a:2:{i:0;s:6:\"100.00\";i:1;s:5:\"90.91\";}'),(35,15,1,'2018-07-19 07:58:29','a:1:{i:0;s:6:\"100.00\";}'),(35,16,1,'2018-07-19 08:03:15','a:1:{i:0;s:5:\"76.92\";}'),(35,17,1,'2018-07-19 20:21:14','a:1:{i:0;s:5:\"76.92\";}'),(35,18,2,'2019-03-28 23:05:38','a:2:{i:0;s:6:\"100.00\";i:1;s:6:\"100.00\";}'),(35,19,1,'2018-07-19 20:28:04','a:1:{i:0;s:5:\"76.92\";}'),(35,20,2,'2019-03-28 23:04:59','a:2:{i:0;s:6:\"100.00\";i:1;s:5:\"76.92\";}'),(35,21,0,'2018-07-19 20:31:50','a:1:{i:0;s:5:\"66.67\";}'),(35,22,0,'2018-07-19 20:39:11','a:1:{i:0;s:5:\"52.63\";}'),(35,23,2,'2019-03-28 23:03:45','a:3:{i:0;s:5:\"62.50\";i:1;s:5:\"76.92\";i:2;s:5:\"90.91\";}'),(35,24,0,'2018-07-19 20:53:12','a:1:{i:0;s:5:\"62.50\";}'),(35,25,1,'2018-07-30 20:58:11','a:1:{i:0;s:5:\"76.92\";}'),(35,26,2,'2019-03-31 23:21:55','a:3:{i:0;s:5:\"62.50\";i:1;s:5:\"76.92\";i:2;s:5:\"76.92\";}'),(35,29,1,'2018-07-30 20:49:37','a:1:{i:0;s:5:\"76.92\";}'),(35,34,3,'2019-03-28 22:58:56','a:3:{i:0;s:5:\"83.33\";i:1;s:5:\"76.92\";i:2;s:5:\"90.91\";}'),(35,38,1,'2019-03-31 22:12:56','a:3:{i:0;s:5:\"76.92\";i:1;s:5:\"58.82\";i:2;s:5:\"90.91\";}'),(35,39,1,'2019-03-31 22:15:24','a:3:{i:0;s:5:\"52.63\";i:1;s:5:\"71.43\";i:2;s:5:\"83.33\";}'),(35,40,0,'2018-07-30 20:47:08','a:1:{i:0;s:5:\"62.50\";}'),(35,41,3,'2019-03-28 23:01:38','a:3:{i:0;s:5:\"76.92\";i:1;s:5:\"90.91\";i:2;s:5:\"90.91\";}'),(35,42,0,'2019-03-31 22:12:20','a:1:{i:0;s:5:\"58.82\";}'),(35,43,0,'2019-03-31 22:09:59','a:1:{i:0;s:5:\"55.56\";}'),(35,44,0,'2019-03-28 22:57:31','a:2:{i:0;s:6:\"100.00\";i:1;s:5:\"55.56\";}'),(35,45,0,'2018-07-25 20:00:22','a:1:{i:0;s:5:\"66.67\";}'),(35,46,0,'2018-07-25 20:23:04','a:1:{i:0;s:5:\"45.45\";}');
/*!40000 ALTER TABLE `learning` ENABLE KEYS */;
UNLOCK TABLES;

--
-- Table structure for table `lesson`
--

DROP TABLE IF EXISTS `lesson`;
/*!40101 SET @saved_cs_client     = @@character_set_client */;
/*!40101 SET character_set_client = utf8 */;
CREATE TABLE `lesson` (
  `id` int(11) NOT NULL AUTO_INCREMENT,
  `book_lesson_id` int(11) DEFAULT NULL,
  `title` varchar(255) COLLATE utf8_unicode_ci NOT NULL,
  `description` varchar(2000) COLLATE utf8_unicode_ci DEFAULT NULL,
  `exercise_per_study` int(11) NOT NULL,
  PRIMARY KEY (`id`),
  KEY `IDX_F87474F3DF5617D0` (`book_lesson_id`),
  CONSTRAINT `FK_F87474F3DF5617D0` FOREIGN KEY (`book_lesson_id`) REFERENCES `book_lesson` (`id`)
) ENGINE=InnoDB AUTO_INCREMENT=48 DEFAULT CHARSET=utf8 COLLATE=utf8_unicode_ci;
/*!40101 SET character_set_client = @saved_cs_client */;

--
-- Dumping data for table `lesson`
--

LOCK TABLES `lesson` WRITE;
/*!40000 ALTER TABLE `lesson` DISABLE KEYS */;
INSERT INTO `lesson` VALUES (2,1,'Vocabulaire 1','Vocabulaire 1',10),(3,1,'L\'eau est propre maggle','Une leçon pour savoir dire que l\'eau est propre',10),(4,2,'Vocabulaire 2','Vocabulaire 2',10),(5,2,'Mpiasa ve ny couz\' ?','Pour savoir comment demander si le mec là est un travailleur ou pas',10),(6,3,'Vocabulaire 3','Vocabulaire 3',10),(7,3,'C ki la meuf','Pour savoir demander c\'est qui le chaton là',10),(8,4,'Vocabulaire 4','t,Vocabulaire 4',10),(9,4,'C bon le kafé tu c','Pour être un pro du thé sucré',10),(10,5,'Vocabulaire 5',',Vocabulaire 5',10),(11,5,'Le lait sera froid','Le lait était beau mais le temps sera sucré',10),(12,6,'Vocabulaire 6',',Vocabulaire 6',10),(13,6,'Malade le zazakely','Parce que le lait chaud n\'est pas bon pour les enfant. Eh !',10),(14,7,'Vocabulaire 7','Vocabulaire 7',10),(15,7,'Comparatifs be','Pour comparer le zébu et le livre',10),(16,7,'Comparatifs encore plus be','Pour comparer encore plus',10),(17,7,'Comparatifs vraiment be','Le must de la comparaison',10),(18,8,'Vocabulaire 8','Vocabulaire 8',10),(19,8,'Comparatifs d\'égalitay','Égalitayyyyyy',10),(20,10,'Vocabulaire 9','Vocabulaire 10',10),(21,10,'Y fé beau','parce qu\'il fait froid en hiver',10),(22,10,'Et le ciel aussi','parce qu\'il fait chaud en été',10),(23,11,'Vo-Vo-Cabulaire','prout',10),(24,11,'Tout mouillé','Mettez bien la capote avant de sortir de peur de mouiller vos vetements',10),(25,11,'Où ki va','Pour savoir où il va',10),(26,12,'Vocabulaire mouillé','coincoin',10),(27,12,'gt a tana','Laissez-moi rentrez chez moi stp',10),(28,12,'pour un truc urgent','Laissez-le rentrer svp',10),(29,13,'Jours','Les jours de la semaine',10),(30,13,'Vocabulaire','Autour des jours',10),(31,13,'C kel jour','vendredi :D',10),(32,13,'Jours 2','zoma :D',10),(33,12,'blabla','prout',10),(34,14,'vocabulaire','prout',10),(35,14,'chez ki','prout',10),(36,14,'tfé koi joudi','prout',10),(37,14,'jbosse jédi','prout',10),(38,15,'coincoi','prout',10),(39,15,'vokabulèr','prout',10),(40,15,'lafo be eeeee','prout',10),(41,16,'voca','prout',10),(42,16,'c cher les patatt','prout',10),(43,16,'cheeer','prout',10),(44,17,'vocabulaire','thunes',10),(45,17,'fais péter tes radis','thunes',10),(46,17,'rends l\'arzen','thunes',10),(47,18,'Vocabulaire','Vocabulaire',10);
/*!40000 ALTER TABLE `lesson` ENABLE KEYS */;
UNLOCK TABLES;
/*!40103 SET TIME_ZONE=@OLD_TIME_ZONE */;

/*!40101 SET SQL_MODE=@OLD_SQL_MODE */;
/*!40014 SET FOREIGN_KEY_CHECKS=@OLD_FOREIGN_KEY_CHECKS */;
/*!40014 SET UNIQUE_CHECKS=@OLD_UNIQUE_CHECKS */;
/*!40101 SET CHARACTER_SET_CLIENT=@OLD_CHARACTER_SET_CLIENT */;
/*!40101 SET CHARACTER_SET_RESULTS=@OLD_CHARACTER_SET_RESULTS */;
/*!40101 SET COLLATION_CONNECTION=@OLD_COLLATION_CONNECTION */;
/*!40111 SET SQL_NOTES=@OLD_SQL_NOTES */;

-- Dump completed on 2019-04-01  0:24:10
